theta_idx,phi_idx,x_cm,y_cm,z_cm
0,0,132.9043,0.0000,0.0000
0,1,132.4939,8.6841,-1.2487
0,2,131.2701,17.2820,-2.4750
0,3,129.2544,25.7103,-3.6569
0,4,126.4818,33.8907,-4.7723
0,5,122.9996,41.7528,-5.7995
0,6,118.8659,49.2359,-6.7184
0,7,114.1466,56.2909,-7.5104
0,8,108.9133,62.8811,-8.1598
0,9,103.2399,68.9827,-8.6544
0,10,97.1998,74.5840,-8.9861
0,11,90.8626,79.6843,-9.1511
0,12,84.2920,84.2920,-9.1501
0,13,77.5444,88.4224,-8.9878
0,14,70.6673,92.0954,-8.6723
0,15,63.6996,95.3332,-8.2144
0,16,56.6721,98.1589,-7.6268
0,17,49.6080,100.5951,-6.9237
0,18,42.5242,102.6624,-6.1197
0,19,35.4321,104.3796,-5.2296
0,20,28.3390,105.7626,-4.2683
0,21,21.2487,106.8246,-3.2504
0,22,14.1626,107.5759,-2.1903
0,23,7.0802,108.0237,-1.1021
0,24,0.0000,108.1725,-0.0000
0,25,-7.0802,108.0237,1.1021
0,26,-14.1626,107.5759,2.1903
0,27,-21.2487,106.8246,3.2504
0,28,-28.3390,105.7626,4.2683
0,29,-35.4321,104.3796,5.2296
0,30,-42.5242,102.6624,6.1197
0,31,-49.6080,100.5951,6.9237
0,32,-56.6721,98.1589,7.6268
0,33,-63.6996,95.3332,8.2144
0,34,-70.6673,92.0954,8.6723
0,35,-77.5444,88.4224,8.9878
0,36,-84.2920,84.2920,9.1501
0,37,-90.8626,79.6843,9.1511
0,38,-97.1998,74.5840,8.9861
0,39,-103.2399,68.9827,8.6544
0,40,-108.9133,62.8811,8.1598
0,41,-114.1466,56.2909,7.5104
0,42,-118.8659,49.2359,6.7184
0,43,-122.9996,41.7528,5.7995
0,44,-126.4818,33.8907,4.7723
0,45,-129.2544,25.7103,3.6569
0,46,-131.2701,17.2820,2.4750
0,47,-132.4939,8.6841,1.2487
0,48,-132.9043,0.0000,0.0000
0,49,-132.4939,-8.6841,-1.2487
0,50,-131.2701,-17.2820,-2.4750
0,51,-129.2544,-25.7103,-3.6569
0,52,-126.4818,-33.8907,-4.7723
0,53,-122.9996,-41.7528,-5.7995
0,54,-118.8659,-49.2359,-6.7184
0,55,-114.1466,-56.2909,-7.5104
0,56,-108.9133,-62.8811,-8.1598
0,57,-103.2399,-68.9827,-8.6544
0,58,-97.1998,-74.5840,-8.9861
0,59,-90.8626,-79.6843,-9.1511
0,60,-84.2920,-84.2920,-9.1501
0,61,-77.5444,-88.4224,-8.9878
0,62,-70.6673,-92.0954,-8.6723
0,63,-63.6996,-95.3332,-8.2144
0,64,-56.6721,-98.1589,-7.6268
0,65,-49.6080,-100.5951,-6.9237
0,66,-42.5242,-102.6624,-6.1197
0,67,-35.4321,-104.3796,-5.2296
0,68,-28.3390,-105.7626,-4.2683
0,69,-21.2487,-106.8246,-3.2504
0,70,-14.1626,-107.5759,-2.1903
0,71,-7.0802,-108.0237,-1.1021
0,72,-0.0000,-108.1725,-0.0000
0,73,7.0802,-108.0237,1.1021
0,74,14.1626,-107.5759,2.1903
0,75,21.2487,-106.8246,3.2504
0,76,28.3390,-105.7626,4.2683
0,77,35.4321,-104.3796,5.2296
0,78,42.5242,-102.6624,6.1197
0,79,49.6080,-100.5951,6.9237
0,80,56.6721,-98.1589,7.6268
0,81,63.6996,-95.3332,8.2144
0,82,70.6673,-92.0954,8.6723
0,83,77.5444,-88.4224,8.9878
0,84,84.2920,-84.2920,9.1501
0,85,90.8626,-79.6843,9.1511
0,86,97.1998,-74.5840,8.9861
0,87,103.2399,-68.9827,8.6544
0,88,108.9133,-62.8811,8.1598
0,89,114.1466,-56.2909,7.5104
0,90,118.8659,-49.2359,6.7184
0,91,122.9996,-41.7528,5.7995
0,92,126.4818,-33.8907,4.7723
0,93,129.2544,-25.7103,3.6569
0,94,131.2701,-17.2820,2.4750
0,95,132.4939,-8.6841,1.2487
1,0,132.8103,0.0000,-3.3105
1,1,132.2416,8.6676,-4.5517
1,2,130.8654,17.2288,-5.7515
1,3,128.7084,25.6017,-6.8891
1,4,125.8101,33.7107,-7.9447
1,5,122.2215,41.4886,-8.8999
1,6,118.0032,48.8785,-9.7376
1,7,113.2230,55.8354,-10.4424
1,8,107.9530,62.3267,-11.0017
1,9,102.2670,68.3326,-11.4057
1,10,96.2373,73.8455,-11.6485
1,11,89.9320,78.8682,-11.7277
1,12,83.4126,83.4126,-11.6452
1,13,76.7326,87.4968,-11.4063
1,14,69.9365,91.1430,-11.0196
1,15,63.0594,94.3751,-10.4963
1,16,56.1283,97.2171,-9.8496
1,17,49.1625,99.6916,-9.0937
1,18,42.1747,101.8186,-8.2435
1,19,35.1727,103.6154,-7.3140
1,20,28.1604,105.0960,-6.3203
1,21,21.1386,106.2708,-5.2769
1,22,14.1062,107.1473,-4.1982
1,23,7.0610,107.7294,-3.0984
1,24,0.0000,108.0179,-1.9914
1,25,-7.0794,108.0106,-0.8913
1,26,-14.1793,107.7023,0.1879
1,27,-21.3005,107.0847,1.2320
1,28,-28.4420,106.1470,2.2266
1,29,-35.6004,104.8753,3.1574
1,30,-42.7690,103.2535,4.0096
1,31,-49.9373,101.2628,4.7686
1,32,-57.0899,98.8826,5.4195
1,33,-64.2059,96.0909,5.9482
1,34,-71.2576,92.8647,6.3408
1,35,-78.2101,89.1816,6.5852
1,36,-85.0206,85.0206,6.6709
1,37,-91.6378,80.3642,6.5905
1,38,-98.0027,75.2001,6.3402
1,39,-104.0492,69.5234,5.9202
1,40,-109.7058,63.3387,5.3357
1,41,-114.8985,56.6617,4.5966
1,42,-119.5531,49.5205,3.7174
1,43,-123.5989,41.9562,2.7164
1,44,-126.9715,34.0219,1.6153
1,45,-129.6159,25.7822,0.4375
1,46,-131.4884,17.3108,-0.7924
1,47,-132.5586,8.6884,-2.0497
1,48,-132.8103,0.0000,-3.3105
1,49,-132.2416,-8.6676,-4.5517
1,50,-130.8654,-17.2288,-5.7515
1,51,-128.7084,-25.6017,-6.8891
1,52,-125.8101,-33.7107,-7.9447
1,53,-122.2215,-41.4886,-8.8999
1,54,-118.0032,-48.8785,-9.7376
1,55,-113.2230,-55.8354,-10.4424
1,56,-107.9530,-62.3267,-11.0017
1,57,-102.2670,-68.3326,-11.4057
1,58,-96.2373,-73.8455,-11.6485
1,59,-89.9320,-78.8682,-11.7277
1,60,-83.4126,-83.4126,-11.6452
1,61,-76.7326,-87.4968,-11.4063
1,62,-69.9365,-91.1430,-11.0196
1,63,-63.0594,-94.3751,-10.4963
1,64,-56.1283,-97.2171,-9.8496
1,65,-49.1625,-99.6916,-9.0937
1,66,-42.1747,-101.8186,-8.2435
1,67,-35.1727,-103.6154,-7.3140
1,68,-28.1604,-105.0960,-6.3203
1,69,-21.1386,-106.2708,-5.2769
1,70,-14.1062,-107.1473,-4.1982
1,71,-7.0610,-107.7294,-3.0984
1,72,-0.0000,-108.0179,-1.9914
1,73,7.0794,-108.0106,-0.8913
1,74,14.1793,-107.7023,0.1879
1,75,21.3005,-107.0847,1.2320
1,76,28.4420,-106.1470,2.2266
1,77,35.6004,-104.8753,3.1574
1,78,42.7690,-103.2535,4.0096
1,79,49.9373,-101.2628,4.7686
1,80,57.0899,-98.8826,5.4195
1,81,64.2059,-96.0909,5.9482
1,82,71.2576,-92.8647,6.3408
1,83,78.2101,-89.1816,6.5852
1,84,85.0206,-85.0206,6.6709
1,85,91.6378,-80.3642,6.5905
1,86,98.0027,-75.2001,6.3402
1,87,104.0492,-69.5234,5.9202
1,88,109.7058,-63.3387,5.3357
1,89,114.8985,-56.6617,4.5966
1,90,119.5531,-49.5205,3.7174
1,91,123.5989,-41.9562,2.7164
1,92,126.9715,-34.0219,1.6153
1,93,129.6159,-25.7822,0.4375
1,94,131.4884,-17.3108,-0.7924
1,95,132.5586,-8.6884,-2.0497
2,0,132.5265,0.0000,-6.6247
2,1,131.7973,8.6384,-7.8628
2,2,130.2675,17.1500,-9.0394
2,3,127.9692,25.4546,-10.1348
2,4,124.9464,33.4793,-11.1316
2,5,121.2537,41.1601,-12.0140
2,6,116.9544,48.4441,-12.7684
2,7,112.1175,55.2902,-13.3829
2,8,106.8158,61.6701,-13.8481
2,9,101.1225,67.5679,-14.1572
2,10,95.1090,72.9797,-14.3064
2,11,88.8415,77.9119,-14.2953
2,12,82.3793,82.3793,-14.1269
2,13,75.7733,86.4029,-13.8073
2,14,69.0649,90.0071,-13.3458
2,15,62.2860,93.2176,-12.7537
2,16,55.4600,96.0596,-12.0443
2,17,48.6024,98.5559,-11.2322
2,18,41.7223,100.7265,-10.3323
2,19,34.8238,102.5877,-9.3598
2,20,27.9074,104.1519,-8.3299
2,21,20.9709,105.4278,-7.2573
2,22,14.0105,106.4201,-6.1563
2,23,7.0217,107.1300,-5.0412
2,24,0.0000,107.5551,-3.9261
2,25,-7.0583,107.6896,-2.8251
2,26,-14.1559,107.5246,-1.7524
2,27,-21.2932,107.0481,-0.7225
2,28,-28.4683,106.2452,0.2502
2,29,-35.6761,105.0983,1.1510
2,30,-42.9074,103.5876,1.9650
2,31,-50.1485,101.6910,2.6777
2,32,-57.3801,99.3853,3.2744
2,33,-64.5770,96.6464,3.7412
2,34,-71.7071,93.4505,4.0650
2,35,-78.7306,89.7751,4.2340
2,36,-85.6004,85.6004,4.2388
2,37,-92.2614,80.9111,4.0726
2,38,-98.6511,75.6977,3.7327
2,39,-104.7010,69.9590,3.2205
2,40,-110.3379,63.7036,2.5424
2,41,-115.4867,56.9517,1.7100
2,42,-120.0731,49.7359,0.7399
2,43,-124.0271,42.1015,-0.3470
2,44,-127.2862,34.1062,-1.5262
2,45,-129.7983,25.8185,-2.7709
2,46,-131.5236,17.3154,-4.0536
2,47,-132.4366,8.6804,-5.3469
2,48,-132.5265,0.0000,-6.6247
2,49,-131.7973,-8.6384,-7.8628
2,50,-130.2675,-17.1500,-9.0394
2,51,-127.9692,-25.4546,-10.1348
2,52,-124.9464,-33.4793,-11.1316
2,53,-121.2537,-41.1601,-12.0140
2,54,-116.9544,-48.4441,-12.7684
2,55,-112.1175,-55.2902,-13.3829
2,56,-106.8158,-61.6701,-13.8481
2,57,-101.1225,-67.5679,-14.1572
2,58,-95.1090,-72.9797,-14.3064
2,59,-88.8415,-77.9119,-14.2953
2,60,-82.3793,-82.3793,-14.1269
2,61,-75.7733,-86.4029,-13.8073
2,62,-69.0649,-90.0071,-13.3458
2,63,-62.2860,-93.2176,-12.7537
2,64,-55.4600,-96.0596,-12.0443
2,65,-48.6024,-98.5559,-11.2322
2,66,-41.7223,-100.7265,-10.3323
2,67,-34.8238,-102.5877,-9.3598
2,68,-27.9074,-104.1519,-8.3299
2,69,-20.9709,-105.4278,-7.2573
2,70,-14.0105,-106.4201,-6.1563
2,71,-7.0217,-107.1300,-5.0412
2,72,-0.0000,-107.5551,-3.9261
2,73,7.0583,-107.6896,-2.8251
2,74,14.1559,-107.5246,-1.7524
2,75,21.2932,-107.0481,-0.7225
2,76,28.4683,-106.2452,0.2502
2,77,35.6761,-105.0983,1.1510
2,78,42.9074,-103.5876,1.9650
2,79,50.1485,-101.6910,2.6777
2,80,57.3801,-99.3853,3.2744
2,81,64.5770,-96.6464,3.7412
2,82,71.7071,-93.4505,4.0650
2,83,78.7306,-89.7751,4.2340
2,84,85.6004,-85.6004,4.2388
2,85,92.2614,-80.9111,4.0726
2,86,98.6511,-75.6977,3.7327
2,87,104.7010,-69.9590,3.2205
2,88,110.3379,-63.7036,2.5424
2,89,115.4867,-56.9517,1.7100
2,90,120.0731,-49.7359,0.7399
2,91,124.0271,-42.1015,-0.3470
2,92,127.2862,-34.1062,-1.5262
2,93,129.7983,-25.8185,-2.7709
2,94,131.5236,-17.3154,-4.0536
2,95,132.4366,-8.6804,-5.3469
3,0,132.0483,0.0000,-9.9414
3,1,131.1540,8.5963,-11.1799
3,2,129.4674,17.0447,-12.3355
3,3,127.0260,25.2671,-13.3895
3,4,123.8789,33.1933,-14.3263
3,5,120.0843,40.7631,-15.1333
3,6,115.7075,47.9276,-15.8000
3,7,110.8191,54.6500,-16.3185
3,8,105.4919,60.9058,-16.6828
3,9,99.7985,66.6832,-16.8896
3,10,93.8084,71.9818,-16.9376
3,11,87.5863,76.8111,-16.8285
3,12,81.1890,81.1890,-16.5669
3,13,74.6647,85.1388,-16.1596
3,14,68.0521,88.6872,-15.6165
3,15,61.3800,91.8616,-14.9492
3,16,54.6684,94.6884,-14.1712
3,17,47.9295,97.1913,-13.2970
3,18,41.1688,99.3903,-12.3418
3,19,34.3871,101.3013,-11.3207
3,20,27.5815,102.9357,-10.2491
3,21,20.7467,104.3006,-9.1419
3,22,13.8760,105.3989,-8.0135
3,23,6.9626,106.2293,-6.8784
3,24,0.0000,106.7867,-5.7508
3,25,-7.0172,107.0621,-4.6453
3,26,-14.0925,107.0430,-3.5763
3,27,-21.2267,106.7136,-2.5584
3,28,-28.4174,106.0550,-1.6067
3,29,-35.6582,105.0455,-0.7362
3,30,-42.9379,103.6612,0.0382
3,31,-50.2398,101.8762,0.7017
3,32,-57.5410,99.6639,1.2400
3,33,-64.8116,96.9975,1.6393
3,34,-72.0148,93.8515,1.8873
3,35,-79.1059,90.2029,1.9732
3,36,-86.0326,86.0326,1.8884
3,37,-92.7355,81.3269,1.6276
3,38,-99.1485,76.0793,1.1892
3,39,-105.2000,70.2924,0.5760
3,40,-110.8147,63.9789,-0.2040
3,41,-115.9165,57.1637,-1.1373
3,42,-120.4310,49.8841,-2.2055
3,43,-124.2888,42.1904,-3.3850
3,44,-127.4294,34.1446,-4.6486
3,45,-129.8036,25.8195,-5.9664
3,46,-131.3758,17.2960,-7.3077
3,47,-132.1257,8.6600,-8.6421
3,48,-132.0483,0.0000,-9.9414
3,49,-131.1540,-8.5963,-11.1799
3,50,-129.4674,-17.0447,-12.3355
3,51,-127.0260,-25.2671,-13.3895
3,52,-123.8789,-33.1933,-14.3263
3,53,-120.0843,-40.7631,-15.1333
3,54,-115.7075,-47.9276,-15.8000
3,55,-110.8191,-54.6500,-16.3185
3,56,-105.4919,-60.9058,-16.6828
3,57,-99.7985,-66.6832,-16.8896
3,58,-93.8084,-71.9818,-16.9376
3,59,-87.5863,-76.8111,-16.8285
3,60,-81.1890,-81.1890,-16.5669
3,61,-74.6647,-85.1388,-16.1596
3,62,-68.0521,-88.6872,-15.6165
3,63,-61.3800,-91.8616,-14.9492
3,64,-54.6684,-94.6884,-14.1712
3,65,-47.9295,-97.1913,-13.2970
3,66,-41.1688,-99.3903,-12.3418
3,67,-34.3871,-101.3013,-11.3207
3,68,-27.5815,-102.9357,-10.2491
3,69,-20.7467,-104.3006,-9.1419
3,70,-13.8760,-105.3989,-8.0135
3,71,-6.9626,-106.2293,-6.8784
3,72,-0.0000,-106.7867,-5.7508
3,73,7.0172,-107.0621,-4.6453
3,74,14.0925,-107.0430,-3.5763
3,75,21.2267,-106.7136,-2.5584
3,76,28.4174,-106.0550,-1.6067
3,77,35.6582,-105.0455,-0.7362
3,78,42.9379,-103.6612,0.0382
3,79,50.2398,-101.8762,0.7017
3,80,57.5410,-99.6639,1.2400
3,81,64.8116,-96.9975,1.6393
3,82,72.0148,-93.8515,1.8873
3,83,79.1059,-90.2029,1.9732
3,84,86.0326,-86.0326,1.8884
3,85,92.7355,-81.3269,1.6276
3,86,99.1485,-76.0793,1.1892
3,87,105.2000,-70.2924,0.5760
3,88,110.8147,-63.9789,-0.2040
3,89,115.9165,-57.1637,-1.1373
3,90,120.4310,-49.8841,-2.2055
3,91,124.2888,-42.1904,-3.3850
3,92,127.4294,-34.1446,-4.6486
3,93,129.8036,-25.8195,-5.9664
3,94,131.3758,-17.2960,-7.3077
3,95,132.1257,-8.6600,-8.6421
4,0,131.3703,0.0000,-13.2506
4,1,130.3045,8.5406,-14.4921
4,2,128.4562,16.9116,-15.6276
4,3,125.8692,25.0369,-16.6394
4,4,122.5972,32.8498,-17.5136
4,5,118.7024,40.2940,-18.2406
4,6,114.2525,47.3249,-18.8136
4,7,109.3187,53.9100,-19.2286
4,8,103.9735,60.0291,-19.4838
4,9,98.2883,65.6741,-19.5791
4,10,92.3308,70.8479,-19.5166
4,11,86.1631,75.5630,-19.3002
4,12,79.8398,79.8398,-18.9361
4,13,73.4063,83.7038,-18.4324
4,14,66.8985,87.1838,-17.7993
4,15,60.3424,90.3088,-17.0488
4,16,53.7551,93.1065,-16.1945
4,17,47.1455,95.6017,-15.2509
4,18,40.5162,97.8148,-14.2331
4,19,33.8645,99.7616,-13.1564
4,20,27.1843,101.4532,-12.0362
4,21,20.4672,102.8955,-10.8876
4,22,13.7037,104.0899,-9.7253
4,23,6.8842,105.0331,-8.5642
4,24,0.0000,105.7178,-7.4188
4,25,-6.9563,106.1320,-6.3039
4,26,-13.9894,106.2601,-5.2346
4,27,-21.1011,106.0825,-4.2262
4,28,-28.2891,105.5764,-3.2941
4,29,-35.5462,104.7159,-2.4537
4,30,-42.8597,103.4724,-1.7206
4,31,-50.2101,101.8160,-1.1097
4,32,-57.5710,99.7160,-0.6353
4,33,-64.9083,97.1421,-0.3107
4,34,-72.1797,94.0664,-0.1475
4,35,-79.3353,90.4646,-0.1555
4,36,-86.3174,86.3174,-0.3417
4,37,-93.0614,81.6127,-0.7099
4,38,-99.4969,76.3467,-1.2599
4,39,-105.5488,70.5255,-1.9869
4,40,-111.1395,64.1664,-2.8810
4,41,-116.1915,57.2993,-3.9268
4,42,-120.6298,49.9665,-5.1035
4,43,-124.3863,42.2235,-6.3849
4,44,-127.4022,34.1373,-7.7412
4,45,-129.6315,25.7853,-9.1393
4,46,-131.0431,17.2522,-10.5453
4,47,-131.6222,8.6270,-11.9260
4,48,-131.3703,0.0000,-13.2506
4,49,-130.3045,-8.5406,-14.4921
4,50,-128.4562,-16.9116,-15.6276
4,51,-125.8692,-25.0369,-16.6394
4,52,-122.5972,-32.8498,-17.5136
4,53,-118.7024,-40.2940,-18.2406
4,54,-114.2525,-47.3249,-18.8136
4,55,-109.3187,-53.9100,-19.2286
4,56,-103.9735,-60.0291,-19.4838
4,57,-98.2883,-65.6741,-19.5791
4,58,-92.3308,-70.8479,-19.5166
4,59,-86.1631,-75.5630,-19.3002
4,60,-79.8398,-79.8398,-18.9361
4,61,-73.4063,-83.7038,-18.4324
4,62,-66.8985,-87.1838,-17.7993
4,63,-60.3424,-90.3088,-17.0488
4,64,-53.7551,-93.1065,-16.1945
4,65,-47.1455,-95.6017,-15.2509
4,66,-40.5162,-97.8148,-14.2331
4,67,-33.8645,-99.7616,-13.1564
4,68,-27.1843,-101.4532,-12.0362
4,69,-20.4672,-102.8955,-10.8876
4,70,-13.7037,-104.0899,-9.7253
4,71,-6.8842,-105.0331,-8.5642
4,72,-0.0000,-105.7178,-7.4188
4,73,6.9563,-106.1320,-6.3039
4,74,13.9894,-106.2601,-5.2346
4,75,21.1011,-106.0825,-4.2262
4,76,28.2891,-105.5764,-3.2941
4,77,35.5462,-104.7159,-2.4537
4,78,42.8597,-103.4724,-1.7206
4,79,50.2101,-101.8160,-1.1097
4,80,57.5710,-99.7160,-0.6353
4,81,64.9083,-97.1421,-0.3107
4,82,72.1797,-94.0664,-0.1475
4,83,79.3353,-90.4646,-0.1555
4,84,86.3174,-86.3174,-0.3417
4,85,93.0614,-81.6127,-0.7099
4,86,99.4969,-76.3467,-1.2599
4,87,105.5488,-70.5255,-1.9869
4,88,111.1395,-64.1664,-2.8810
4,89,116.1915,-57.2993,-3.9268
4,90,120.6298,-49.9665,-5.1035
4,91,124.3863,-42.2235,-6.3849
4,92,127.4022,-34.1373,-7.7412
4,93,129.6315,-25.7853,-9.1393
4,94,131.0431,-17.2522,-10.5453
4,95,131.6222,-8.6270,-11.9260
5,0,130.4891,0.0000,-16.5310
5,1,129.2445,8.4711,-17.7767
5,2,127.2289,16.7500,-18.8919
5,3,124.4927,24.7631,-19.8593
5,4,121.0952,32.4474,-20.6672
5,5,117.1023,39.7509,-21.3088
5,6,112.5838,46.6337,-21.7813
5,7,107.6115,53.0681,-22.0849
5,8,102.2570,59.0381,-22.2219
5,9,96.5897,64.5391,-22.1964
5,10,90.6749,69.5773,-22.0137
5,11,84.5720,74.1676,-21.6803
5,12,78.3327,78.3327,-21.2043
5,13,71.9997,82.0999,-20.5949
5,14,65.6063,85.4998,-19.8630
5,15,59.1760,88.5631,-19.0209
5,16,52.7230,91.3188,-18.0821
5,17,46.2535,93.7929,-17.0612
5,18,39.7672,96.0065,-15.9731
5,19,33.2584,97.9760,-14.8332
5,20,26.7178,99.7121,-13.6569
5,21,20.1340,101.2203,-12.4594
5,22,13.4945,102.5009,-11.2560
5,23,6.7870,103.5493,-10.0617
5,24,0.0000,104.3558,-8.8918
5,25,-6.8759,104.9062,-7.7617
5,26,-13.8474,105.1818,-6.6871
5,27,-20.9176,105.1596,-5.6840
5,28,-28.0846,104.8130,-4.7687
5,29,-35.3411,104.1115,-3.9575
5,30,-42.6732,103.0223,-3.2664
5,31,-50.0595,101.5105,-2.7110
5,32,-57.4700,99.5410,-2.3055
5,33,-64.8664,97.0794,-2.0631
5,34,-72.2012,94.0944,-1.9946
5,35,-79.4186,90.5595,-2.1085
5,36,-86.4549,86.4549,-2.4099
5,37,-93.2399,81.7692,-2.9007
5,38,-99.6979,76.5009,-3.5781
5,39,-105.7498,70.6598,-4.4350
5,40,-111.3150,64.2678,-5.4589
5,41,-116.3142,57.3598,-6.6317
5,42,-120.6722,49.9840,-7.9299
5,43,-124.3215,42.2015,-9.3247
5,44,-127.2056,34.0846,-10.7833
5,45,-129.2820,25.7158,-12.2695
5,46,-130.5244,17.1839,-13.7464
5,47,-130.9239,8.5812,-15.1780
5,48,-130.4891,0.0000,-16.5310
5,49,-129.2445,-8.4711,-17.7767
5,50,-127.2289,-16.7500,-18.8919
5,51,-124.4927,-24.7631,-19.8593
5,52,-121.0952,-32.4474,-20.6672
5,53,-117.1023,-39.7509,-21.3088
5,54,-112.5838,-46.6337,-21.7813
5,55,-107.6115,-53.0681,-22.0849
5,56,-102.2570,-59.0381,-22.2219
5,57,-96.5897,-64.5391,-22.1964
5,58,-90.6749,-69.5773,-22.0137
5,59,-84.5720,-74.1676,-21.6803
5,60,-78.3327,-78.3327,-21.2043
5,61,-71.9997,-82.0999,-20.5949
5,62,-65.6063,-85.4998,-19.8630
5,63,-59.1760,-88.5631,-19.0209
5,64,-52.7230,-91.3188,-18.0821
5,65,-46.2535,-93.7929,-17.0612
5,66,-39.7672,-96.0065,-15.9731
5,67,-33.2584,-97.9760,-14.8332
5,68,-26.7178,-99.7121,-13.6569
5,69,-20.1340,-101.2203,-12.4594
5,70,-13.4945,-102.5009,-11.2560
5,71,-6.7870,-103.5493,-10.0617
5,72,-0.0000,-104.3558,-8.8918
5,73,6.8759,-104.9062,-7.7617
5,74,13.8474,-105.1818,-6.6871
5,75,20.9176,-105.1596,-5.6840
5,76,28.0846,-104.8130,-4.7687
5,77,35.3411,-104.1115,-3.9575
5,78,42.6732,-103.0223,-3.2664
5,79,50.0595,-101.5105,-2.7110
5,80,57.4700,-99.5410,-2.3055
5,81,64.8664,-97.0794,-2.0631
5,82,72.2012,-94.0944,-1.9946
5,83,79.4186,-90.5595,-2.1085
5,84,86.4549,-86.4549,-2.4099
5,85,93.2399,-81.7692,-2.9007
5,86,99.6979,-76.5009,-3.5781
5,87,105.7498,-70.6598,-4.4350
5,88,111.3150,-64.2678,-5.4589
5,89,116.3142,-57.3598,-6.6317
5,90,120.6722,-49.9840,-7.9299
5,91,124.3215,-42.2015,-9.3247
5,92,127.2056,-34.0846,-10.7833
5,93,129.2820,-25.7158,-12.2695
5,94,130.5244,-17.1839,-13.7464
5,95,130.9239,-8.5812,-15.1780
6,0,129.4064,0.0000,-19.7490
6,1,127.9756,8.3880,-20.9992
6,2,125.7870,16.5602,-22.0926
6,3,122.8984,24.4460,-23.0128
6,4,119.3748,31.9864,-23.7501
6,5,115.2860,39.1343,-24.3008
6,6,110.7040,45.8551,-24.6661
6,7,105.7006,52.1258,-24.8508
6,8,100.3459,57.9347,-24.8617
6,9,94.7068,63.2811,-24.7069
6,10,88.8455,68.1736,-24.3954
6,11,82.8181,72.6295,-23.9364
6,12,76.6732,76.6732,-23.3400
6,13,70.4508,80.3338,-22.6167
6,14,64.1815,83.6429,-21.7780
6,15,57.8863,86.6330,-20.8366
6,16,51.5773,89.3345,-19.8059
6,17,45.2582,91.7746,-18.7004
6,18,38.9260,93.9757,-17.5348
6,19,32.5723,95.9548,-16.3244
6,20,26.1848,97.7231,-15.0847
6,21,19.7492,99.2860,-13.8310
6,22,13.2499,100.6432,-12.5790
6,23,6.6716,101.7888,-11.3441
6,24,0.0000,102.7116,-10.1424
6,25,-6.7769,103.3950,-8.9900
6,26,-13.6679,103.8178,-7.9037
6,27,-20.6777,103.9536,-6.9004
6,28,-27.8056,103.7720,-5.9976
6,29,-35.0447,103.2384,-5.2126
6,30,-42.3804,102.3153,-4.5625
6,31,-49.7894,100.9628,-4.0635
6,32,-57.2390,99.1408,-3.7304
6,33,-64.6866,96.8104,-3.5763
6,34,-72.0797,93.9361,-3.6112
6,35,-79.3562,90.4884,-3.8424
6,36,-86.4461,86.4461,-4.2730
6,37,-93.2724,81.7977,-4.9021
6,38,-99.7537,76.5437,-5.7242
6,39,-105.8058,70.6972,-6.7287
6,40,-111.3445,64.2848,-7.8997
6,41,-116.2884,57.3471,-9.2160
6,42,-120.5618,49.9383,-10.6507
6,43,-124.0979,42.1256,-12.1718
6,44,-126.8428,33.9874,-13.7431
6,45,-128.7578,25.6115,-15.3257
6,46,-129.8219,17.0914,-16.8795
6,47,-130.0327,8.5228,-18.3657
6,48,-129.4064,0.0000,-19.7490
6,49,-127.9756,-8.3880,-20.9992
6,50,-125.7870,-16.5602,-22.0926
6,51,-122.8984,-24.4460,-23.0128
6,52,-119.3748,-31.9864,-23.7501
6,53,-115.2860,-39.1343,-24.3008
6,54,-110.7040,-45.8551,-24.6661
6,55,-105.7006,-52.1258,-24.8508
6,56,-100.3459,-57.9347,-24.8617
6,57,-94.7068,-63.2811,-24.7069
6,58,-88.8455,-68.1736,-24.3954
6,59,-82.8181,-72.6295,-23.9364
6,60,-76.6732,-76.6732,-23.3400
6,61,-70.4508,-80.3338,-22.6167
6,62,-64.1815,-83.6429,-21.7780
6,63,-57.8863,-86.6330,-20.8366
6,64,-51.5773,-89.3345,-19.8059
6,65,-45.2582,-91.7746,-18.7004
6,66,-38.9260,-93.9757,-17.5348
6,67,-32.5723,-95.9548,-16.3244
6,68,-26.1848,-97.7231,-15.0847
6,69,-19.7492,-99.2860,-13.8310
6,70,-13.2499,-100.6432,-12.5790
6,71,-6.6716,-101.7888,-11.3441
6,72,-0.0000,-102.7116,-10.1424
6,73,6.7769,-103.3950,-8.9900
6,74,13.6679,-103.8178,-7.9037
6,75,20.6777,-103.9536,-6.9004
6,76,27.8056,-103.7720,-5.9976
6,77,35.0447,-103.2384,-5.2126
6,78,42.3804,-102.3153,-4.5625
6,79,49.7894,-100.9628,-4.0635
6,80,57.2390,-99.1408,-3.7304
6,81,64.6866,-96.8104,-3.5763
6,82,72.0797,-93.9361,-3.6112
6,83,79.3562,-90.4884,-3.8424
6,84,86.4461,-86.4461,-4.2730
6,85,93.2724,-81.7977,-4.9021
6,86,99.7537,-76.5437,-5.7242
6,87,105.8058,-70.6972,-6.7287
6,88,111.3445,-64.2848,-7.8997
6,89,116.2884,-57.3471,-9.2160
6,90,120.5618,-49.9383,-10.6507
6,91,124.0979,-42.1256,-12.1718
6,92,126.8428,-33.9874,-13.7431
6,93,128.7578,-25.6115,-15.3257
6,94,129.8219,-17.0914,-16.8795
6,95,130.0327,-8.5228,-18.3657
7,0,128.1326,0.0000,-22.8602
7,1,126.5090,8.2918,-24.1141
7,2,124.1426,16.3437,-25.1836
7,3,121.0988,24.0881,-26.0533
7,4,117.4490,31.4704,-26.7159
7,5,113.2670,38.4490,-27.1709
7,6,108.6266,44.9946,-27.4238
7,7,103.5994,51.0896,-27.4839
7,8,98.2536,56.7267,-27.3625
7,9,92.6527,61.9086,-27.0723
7,10,86.8554,66.6465,-26.6256
7,11,80.9139,70.9596,-26.0347
7,12,74.8735,74.8735,-25.3116
7,13,68.7710,78.4183,-24.4682
7,14,62.6346,81.6270,-23.5168
7,15,56.4833,84.5332,-22.4702
7,16,50.3269,87.1688,-21.3418
7,17,44.1673,89.5625,-20.1459
7,18,37.9992,91.7381,-18.8970
7,19,31.8116,93.7139,-17.6103
7,20,25.5897,95.5021,-16.3010
7,21,19.3160,97.1083,-14.9847
7,22,12.9720,98.5322,-13.6772
7,23,6.5391,99.7670,-12.3948
7,24,0.0000,100.8001,-11.1540
7,25,-6.6601,101.6131,-9.9720
7,26,-13.4525,102.1820,-8.8666
7,27,-20.3840,102.4775,-7.8563
7,28,-27.4555,102.4653,-6.9597
7,29,-34.6606,102.1069,-6.1957
7,30,-41.9847,101.3599,-5.5828
7,31,-49.4032,100.1797,-5.1384
7,32,-56.8810,98.5207,-4.8782
7,33,-64.3716,96.3389,-4.8153
7,34,-71.8174,93.5943,-4.9596
7,35,-79.1502,90.2535,-5.3170
7,36,-86.2929,86.2929,-5.8885
7,37,-93.1614,81.7004,-6.6703
7,38,-99.6674,76.4775,-7.6533
7,39,-105.7210,70.6405,-8.8229
7,40,-111.2335,64.2207,-10.1590
7,41,-116.1206,57.2643,-11.6360
7,42,-120.3058,49.8323,-13.2228
7,43,-123.7234,41.9984,-14.8836
7,44,-126.3221,33.8479,-16.5787
7,45,-128.0676,25.4742,-18.2657
7,46,-128.9447,16.9759,-19.9018
7,47,-128.9583,8.4524,-21.4457
7,48,-128.1326,0.0000,-22.8602
7,49,-126.5090,-8.2918,-24.1141
7,50,-124.1426,-16.3437,-25.1836
7,51,-121.0988,-24.0881,-26.0533
7,52,-117.4490,-31.4704,-26.7159
7,53,-113.2670,-38.4490,-27.1709
7,54,-108.6266,-44.9946,-27.4238
7,55,-103.5994,-51.0896,-27.4839
7,56,-98.2536,-56.7267,-27.3625
7,57,-92.6527,-61.9086,-27.0723
7,58,-86.8554,-66.6465,-26.6256
7,59,-80.9139,-70.9596,-26.0347
7,60,-74.8735,-74.8735,-25.3116
7,61,-68.7710,-78.4183,-24.4682
7,62,-62.6346,-81.6270,-23.5168
7,63,-56.4833,-84.5332,-22.4702
7,64,-50.3269,-87.1688,-21.3418
7,65,-44.1673,-89.5625,-20.1459
7,66,-37.9992,-91.7381,-18.8970
7,67,-31.8116,-93.7139,-17.6103
7,68,-25.5897,-95.5021,-16.3010
7,69,-19.3160,-97.1083,-14.9847
7,70,-12.9720,-98.5322,-13.6772
7,71,-6.5391,-99.7670,-12.3948
7,72,-0.0000,-100.8001,-11.1540
7,73,6.6601,-101.6131,-9.9720
7,74,13.4525,-102.1820,-8.8666
7,75,20.3840,-102.4775,-7.8563
7,76,27.4555,-102.4653,-6.9597
7,77,34.6606,-102.1069,-6.1957
7,78,41.9847,-101.3599,-5.5828
7,79,49.4032,-100.1797,-5.1384
7,80,56.8810,-98.5207,-4.8782
7,81,64.3716,-96.3389,-4.8153
7,82,71.8174,-93.5943,-4.9596
7,83,79.1502,-90.2535,-5.3170
7,84,86.2929,-86.2929,-5.8885
7,85,93.1614,-81.7004,-6.6703
7,86,99.6674,-76.4775,-7.6533
7,87,105.7210,-70.6405,-8.8229
7,88,111.2335,-64.2207,-10.1590
7,89,116.1206,-57.2643,-11.6360
7,90,120.3058,-49.8323,-13.2228
7,91,123.7234,-41.9984,-14.8836
7,92,126.3221,-33.8479,-16.5787
7,93,128.0676,-25.4742,-18.2657
7,94,128.9447,-16.9759,-19.9018
7,95,128.9583,-8.4524,-21.4457
8,0,126.6890,0.0000,-25.8121
8,1,124.8674,8.1842,-27.0684
8,2,122.3198,16.1037,-28.1117
8,3,119.1195,23.6943,-28.9281
8,4,115.3440,30.9063,-29.5127
8,5,111.0716,37.7037,-29.8689
8,6,106.3777,44.0631,-30.0062
8,7,101.3334,49.9721,-29.9384
8,8,96.0044,55.4281,-29.6818
8,9,90.4507,60.4372,-29.2528
8,10,84.7266,65.0130,-28.6678
8,11,78.8802,69.1761,-27.9418
8,12,72.9528,72.9528,-27.0888
8,13,66.9783,76.3741,-26.1221
8,14,60.9823,79.4737,-25.0546
8,15,54.9818,82.2861,-23.8995
8,16,48.9852,84.8448,-22.6700
8,17,42.9924,87.1800,-21.3803
8,18,36.9964,89.3173,-20.0445
8,19,30.9843,91.2768,-18.6775
8,20,24.9386,93.0720,-17.2944
8,21,18.8389,94.7097,-15.9108
8,22,12.6636,96.1897,-14.5428
8,23,6.3908,97.5050,-13.2069
8,24,0.0000,98.6418,-11.9206
8,25,-6.5268,99.5800,-10.7019
8,26,-13.2038,100.2930,-9.5701
8,27,-20.0401,100.7486,-8.5448
8,28,-27.0385,100.9089,-7.6467
8,29,-34.1937,100.7313,-6.8963
8,30,-41.4913,100.1688,-6.3139
8,31,-48.9061,99.1717,-5.9187
8,32,-56.4009,97.6892,-5.7277
8,33,-63.9259,95.6718,-5.7548
8,34,-71.4185,93.0744,-6.0099
8,35,-78.8044,89.8591,-6.4979
8,36,-85.9992,85.9992,-7.2180
8,37,-92.9112,81.4809,-8.1632
8,38,-99.4444,76.3064,-9.3205
8,39,-105.5020,70.4942,-10.6705
8,40,-110.9900,64.0801,-12.1880
8,41,-115.8206,57.1164,-13.8419
8,42,-119.9160,49.6708,-15.5960
8,43,-123.2115,41.8247,-17.4098
8,44,-125.6585,33.6701,-19.2393
8,45,-127.2279,25.3072,-21.0387
8,46,-127.9109,16.8398,-22.7621
8,47,-127.7203,8.3712,-24.3661
8,48,-126.6890,0.0000,-25.8121
8,49,-124.8674,-8.1842,-27.0684
8,50,-122.3198,-16.1037,-28.1117
8,51,-119.1195,-23.6943,-28.9281
8,52,-115.3440,-30.9063,-29.5127
8,53,-111.0716,-37.7037,-29.8689
8,54,-106.3777,-44.0631,-30.0062
8,55,-101.3334,-49.9721,-29.9384
8,56,-96.0044,-55.4281,-29.6818
8,57,-90.4507,-60.4372,-29.2528
8,58,-84.7266,-65.0130,-28.6678
8,59,-78.8802,-69.1761,-27.9418
8,60,-72.9528,-72.9528,-27.0888
8,61,-66.9783,-76.3741,-26.1221
8,62,-60.9823,-79.4737,-25.0546
8,63,-54.9818,-82.2861,-23.8995
8,64,-48.9852,-84.8448,-22.6700
8,65,-42.9924,-87.1800,-21.3803
8,66,-36.9964,-89.3173,-20.0445
8,67,-30.9843,-91.2768,-18.6775
8,68,-24.9386,-93.0720,-17.2944
8,69,-18.8389,-94.7097,-15.9108
8,70,-12.6636,-96.1897,-14.5428
8,71,-6.3908,-97.5050,-13.2069
8,72,-0.0000,-98.6418,-11.9206
8,73,6.5268,-99.5800,-10.7019
8,74,13.2038,-100.2930,-9.5701
8,75,20.0401,-100.7486,-8.5448
8,76,27.0385,-100.9089,-7.6467
8,77,34.1937,-100.7313,-6.8963
8,78,41.4913,-100.1688,-6.3139
8,79,48.9061,-99.1717,-5.9187
8,80,56.4009,-97.6892,-5.7277
8,81,63.9259,-95.6718,-5.7548
8,82,71.4185,-93.0744,-6.0099
8,83,78.8044,-89.8591,-6.4979
8,84,85.9992,-85.9992,-7.2180
8,85,92.9112,-81.4809,-8.1632
8,86,99.4444,-76.3064,-9.3205
8,87,105.5020,-70.4942,-10.6705
8,88,110.9900,-64.0801,-12.1880
8,89,115.8206,-57.1164,-13.8419
8,90,119.9160,-49.6708,-15.5960
8,91,123.2115,-41.8247,-17.4098
8,92,125.6585,-33.6701,-19.2393
8,93,127.2279,-25.3072,-21.0387
8,94,127.9109,-16.8398,-22.7621
8,95,127.7203,-8.3712,-24.3661
9,0,125.1088,0.0000,-28.5481
9,1,123.0867,8.0675,-29.8056
9,2,120.3565,15.8452,-30.8209
9,3,116.9995,23.2726,-31.5821
9,4,113.0999,30.3050,-32.0873
9,5,108.7399,36.9122,-32.3437
9,6,103.9966,43.0768,-32.3650
9,7,98.9405,48.7920,-32.1697
9,8,93.6346,54.0599,-31.7782
9,9,88.1349,58.8898,-31.2112
9,10,82.4910,63.2976,-30.4885
9,11,76.7465,67.3049,-29.6277
9,12,70.9386,70.9386,-28.6450
9,13,65.0979,74.2299,-27.5550
9,14,59.2476,77.2129,-26.3712
9,15,53.4028,79.9229,-25.1071
9,16,47.5705,82.3945,-23.7759
9,17,41.7495,84.6596,-22.3914
9,18,35.9314,86.7460,-20.9676
9,19,30.1014,88.6758,-19.5189
9,20,24.2399,90.4647,-18.0603
9,21,18.3240,92.1209,-16.6071
9,22,12.3286,93.6452,-15.1755
9,23,6.2287,95.0309,-13.7825
9,24,0.0000,96.2633,-12.4458
9,25,-6.3787,97.3208,-11.1846
9,26,-12.9249,98.1745,-10.0193
9,27,-19.6504,98.7890,-8.9712
9,28,-26.5600,99.1231,-8.0626
9,29,-33.6501,99.1299,-7.3164
9,30,-40.9069,98.7581,-6.7551
9,31,-48.3050,97.9528,-6.4000
9,32,-55.8055,96.6580,-6.2701
9,33,-63.3558,94.8186,-6.3808
9,34,-70.8888,92.3840,-6.7425
9,35,-78.3242,89.3116,-7.3598
9,36,-85.5705,85.5705,-8.2302
9,37,-92.5278,81.1447,-9.3440
9,38,-99.0917,76.0357,-10.6839
9,39,-105.1577,70.2641,-12.2253
9,40,-110.6253,63.8696,-13.9370
9,41,-115.4025,56.9102,-15.7815
9,42,-119.4093,49.4610,-17.7165
9,43,-122.5818,41.6109,-19.6955
9,44,-124.8748,33.4601,-21.6696
9,45,-126.2642,25.1155,-23.5887
9,46,-126.7487,16.6868,-25.4041
9,47,-126.3495,8.2814,-27.0704
9,48,-125.1088,0.0000,-28.5481
9,49,-123.0867,-8.0675,-29.8056
9,50,-120.3565,-15.8452,-30.8209
9,51,-116.9995,-23.2726,-31.5821
9,52,-113.0999,-30.3050,-32.0873
9,53,-108.7399,-36.9122,-32.3437
9,54,-103.9966,-43.0768,-32.3650
9,55,-98.9405,-48.7920,-32.1697
9,56,-93.6346,-54.0599,-31.7782
9,57,-88.1349,-58.8898,-31.2112
9,58,-82.4910,-63.2976,-30.4885
9,59,-76.7465,-67.3049,-29.6277
9,60,-70.9386,-70.9386,-28.6450
9,61,-65.0979,-74.2299,-27.5550
9,62,-59.2476,-77.2129,-26.3712
9,63,-53.4028,-79.9229,-25.1071
9,64,-47.5705,-82.3945,-23.7759
9,65,-41.7495,-84.6596,-22.3914
9,66,-35.9314,-86.7460,-20.9676
9,67,-30.1014,-88.6758,-19.5189
9,68,-24.2399,-90.4647,-18.0603
9,69,-18.3240,-92.1209,-16.6071
9,70,-12.3286,-93.6452,-15.1755
9,71,-6.2287,-95.0309,-13.7825
9,72,-0.0000,-96.2633,-12.4458
9,73,6.3787,-97.3208,-11.1846
9,74,12.9249,-98.1745,-10.0193
9,75,19.6504,-98.7890,-8.9712
9,76,26.5600,-99.1231,-8.0626
9,77,33.6501,-99.1299,-7.3164
9,78,40.9069,-98.7581,-6.7551
9,79,48.3050,-97.9528,-6.4000
9,80,55.8055,-96.6580,-6.2701
9,81,63.3558,-94.8186,-6.3808
9,82,70.8888,-92.3840,-6.7425
9,83,78.3242,-89.3116,-7.3598
9,84,85.5705,-85.5705,-8.2302
9,85,92.5278,-81.1447,-9.3440
9,86,99.0917,-76.0357,-10.6839
9,87,105.1577,-70.2641,-12.2253
9,88,110.6253,-63.8696,-13.9370
9,89,115.4025,-56.9102,-15.7815
9,90,119.4093,-49.4610,-17.7165
9,91,122.5818,-41.6109,-19.6955
9,92,124.8748,-33.4601,-21.6696
9,93,126.2642,-25.1155,-23.5887
9,94,126.7487,-16.6868,-25.4041
9,95,126.3495,-8.2814,-27.0704
10,0,123.4373,0.0000,-31.0119
10,1,121.2148,7.9448,-32.2705
10,2,118.3029,15.5749,-33.2573
10,3,114.7910,22.8334,-33.9632
10,4,110.7695,29.6806,-34.3899
10,5,106.3245,36.0923,-34.5484
10,6,101.5349,42.0571,-34.4568
10,7,96.4704,47.5739,-34.1376
10,8,91.1913,52.6493,-33.6155
10,9,85.7495,57.2960,-32.9151
10,10,80.1899,61.5318,-32.0590
10,11,74.5511,65.3795,-31.0676
10,12,68.8662,68.8662,-29.9590
10,13,63.1622,72.0227,-28.7489
10,14,57.4599,74.8832,-27.4518
10,15,51.7727,77.4833,-26.0811
10,16,46.1065,79.8588,-24.6503
10,17,40.4592,82.0431,-23.1729
10,18,34.8214,84.0663,-21.6625
10,19,29.1771,85.9531,-20.1333
10,20,23.5049,87.7215,-18.5999
10,21,17.7792,89.3821,-17.0774
10,22,11.9721,90.9374,-15.5819
10,23,6.0550,92.3811,-14.1302
10,24,0.0000,93.6987,-12.7407
10,25,-6.2179,94.8671,-11.4331
10,26,-12.6196,95.8555,-10.2286
10,27,-19.2200,96.6254,-9.1503
10,28,-26.0265,97.1321,-8.2223
10,29,-33.0372,97.3245,-7.4698
10,30,-40.2396,97.1469,-6.9178
10,31,-47.6080,96.5395,-6.5904
10,32,-55.1029,95.4411,-6.5092
10,33,-62.6691,93.7909,-6.6915
10,34,-70.2356,91.5328,-7.1495
10,35,-77.7167,88.6189,-7.8879
10,36,-85.0137,85.0137,-8.9035
10,37,-92.0185,80.6981,-10.1840
10,38,-98.6179,75.6722,-11.7080
10,39,-104.6986,69.9574,-13.4458
10,40,-110.1529,63.5968,-15.3594
10,41,-114.8832,56.6541,-17.4042
10,42,-118.8068,49.2114,-19.5305
10,43,-121.8600,41.3659,-21.6849
10,44,-124.0008,33.2259,-23.8124
10,45,-125.2107,24.9060,-25.8583
10,46,-125.4963,16.5219,-27.7704
10,47,-124.8878,8.1856,-29.5016
10,48,-123.4373,0.0000,-31.0119
10,49,-121.2148,-7.9448,-32.2705
10,50,-118.3029,-15.5749,-33.2573
10,51,-114.7910,-22.8334,-33.9632
10,52,-110.7695,-29.6806,-34.3899
10,53,-106.3245,-36.0923,-34.5484
10,54,-101.5349,-42.0571,-34.4568
10,55,-96.4704,-47.5739,-34.1376
10,56,-91.1913,-52.6493,-33.6155
10,57,-85.7495,-57.2960,-32.9151
10,58,-80.1899,-61.5318,-32.0590
10,59,-74.5511,-65.3795,-31.0676
10,60,-68.8662,-68.8662,-29.9590
10,61,-63.1622,-72.0227,-28.7489
10,62,-57.4599,-74.8832,-27.4518
10,63,-51.7727,-77.4833,-26.0811
10,64,-46.1065,-79.8588,-24.6503
10,65,-40.4592,-82.0431,-23.1729
10,66,-34.8214,-84.0663,-21.6625
10,67,-29.1771,-85.9531,-20.1333
10,68,-23.5049,-87.7215,-18.5999
10,69,-17.7792,-89.3821,-17.0774
10,70,-11.9721,-90.9374,-15.5819
10,71,-6.0550,-92.3811,-14.1302
10,72,-0.0000,-93.6987,-12.7407
10,73,6.2179,-94.8671,-11.4331
10,74,12.6196,-95.8555,-10.2286
10,75,19.2200,-96.6254,-9.1503
10,76,26.0265,-97.1321,-8.2223
10,77,33.0372,-97.3245,-7.4698
10,78,40.2396,-97.1469,-6.9178
10,79,47.6080,-96.5395,-6.5904
10,80,55.1029,-95.4411,-6.5092
10,81,62.6691,-93.7909,-6.6915
10,82,70.2356,-91.5328,-7.1495
10,83,77.7167,-88.6189,-7.8879
10,84,85.0137,-85.0137,-8.9035
10,85,92.0185,-80.6981,-10.1840
10,86,98.6179,-75.6722,-11.7080
10,87,104.6986,-69.9574,-13.4458
10,88,110.1529,-63.5968,-15.3594
10,89,114.8832,-56.6541,-17.4042
10,90,118.8068,-49.2114,-19.5305
10,91,121.8600,-41.3659,-21.6849
10,92,124.0008,-33.2259,-23.8124
10,93,125.2107,-24.9060,-25.8583
10,94,125.4963,-16.5219,-27.7704
10,95,124.8878,-8.1856,-29.5016
11,0,121.7296,0.0000,-33.1516
11,1,119.3103,7.8200,-34.4131
11,2,116.2203,15.3007,-35.3733
11,3,112.5567,22.3889,-36.0265
11,4,108.4160,29.0500,-36.3784
11,5,103.8884,35.2654,-36.4441
11,6,99.0541,41.0296,-36.2458
11,7,93.9822,46.3469,-35.8102
11,8,88.7305,51.2286,-35.1656
11,9,83.3471,55.6908,-34.3398
11,10,77.8720,59.7533,-33.3585
11,11,72.3391,63.4397,-32.2442
11,12,66.7770,66.7770,-31.0167
11,13,61.2094,69.7959,-29.6930
11,14,55.6542,72.5299,-28.2881
11,15,50.1233,75.0148,-26.8160
11,16,44.6215,77.2868,-25.2902
11,17,39.1464,79.3810,-23.7240
11,18,33.6879,81.3297,-22.1309
11,19,28.2291,83.1602,-20.5247
11,20,22.7472,84.8936,-18.9196
11,21,17.2145,86.5432,-17.3306
11,22,11.6004,88.1138,-15.7732
11,23,5.8727,89.6007,-14.2643
11,24,0.0000,90.9898,-12.8219
11,25,-6.0469,92.2573,-11.4662
11,26,-12.2925,93.3707,-10.2191
11,27,-18.7552,94.2890,-9.1046
11,28,-25.4454,94.9636,-8.1489
11,29,-32.3635,95.3397,-7.3793
11,30,-39.4981,95.3568,-6.8236
11,31,-46.8244,94.9505,-6.5090
11,32,-54.3022,94.0541,-6.4601
11,33,-61.8745,92.6017,-6.6974
11,34,-69.4672,90.5315,-7.2352
11,35,-76.9897,87.7899,-8.0797
11,36,-84.3365,84.3365,-9.2275
11,37,-91.3914,80.1481,-10.6649
11,38,-98.0322,75.2227,-12.3670
11,39,-104.1363,69.5817,-14.2987
11,40,-109.5876,63.2704,-16.4153
11,41,-114.2818,56.3576,-18.6645
11,42,-118.1327,48.9322,-20.9884
11,43,-121.0758,41.0997,-23.3255
11,44,-123.0719,32.9770,-25.6137
11,45,-124.1085,24.6867,-27.7927
11,46,-124.1999,16.3512,-29.8067
11,47,-123.3862,8.0872,-31.6064
11,48,-121.7296,0.0000,-33.1516
11,49,-119.3103,-7.8200,-34.4131
11,50,-116.2203,-15.3007,-35.3733
11,51,-112.5567,-22.3889,-36.0265
11,52,-108.4160,-29.0500,-36.3784
11,53,-103.8884,-35.2654,-36.4441
11,54,-99.0541,-41.0296,-36.2458
11,55,-93.9822,-46.3469,-35.8102
11,56,-88.7305,-51.2286,-35.1656
11,57,-83.3471,-55.6908,-34.3398
11,58,-77.8720,-59.7533,-33.3585
11,59,-72.3391,-63.4397,-32.2442
11,60,-66.7770,-66.7770,-31.0167
11,61,-61.2094,-69.7959,-29.6930
11,62,-55.6542,-72.5299,-28.2881
11,63,-50.1233,-75.0148,-26.8160
11,64,-44.6215,-77.2868,-25.2902
11,65,-39.1464,-79.3810,-23.7240
11,66,-33.6879,-81.3297,-22.1309
11,67,-28.2291,-83.1602,-20.5247
11,68,-22.7472,-84.8936,-18.9196
11,69,-17.2145,-86.5432,-17.3306
11,70,-11.6004,-88.1138,-15.7732
11,71,-5.8727,-89.6007,-14.2643
11,72,-0.0000,-90.9898,-12.8219
11,73,6.0469,-92.2573,-11.4662
11,74,12.2925,-93.3707,-10.2191
11,75,18.7552,-94.2890,-9.1046
11,76,25.4454,-94.9636,-8.1489
11,77,32.3635,-95.3397,-7.3793
11,78,39.4981,-95.3568,-6.8236
11,79,46.8244,-94.9505,-6.5090
11,80,54.3022,-94.0541,-6.4601
11,81,61.8745,-92.6017,-6.6974
11,82,69.4672,-90.5315,-7.2352
11,83,76.9897,-87.7899,-8.0797
11,84,84.3365,-84.3365,-9.2275
11,85,91.3914,-80.1481,-10.6649
11,86,98.0322,-75.2227,-12.3670
11,87,104.1363,-69.5817,-14.2987
11,88,109.5876,-63.2704,-16.4153
11,89,114.2818,-56.3576,-18.6645
11,90,118.1327,-48.9322,-20.9884
11,91,121.0758,-41.0997,-23.3255
11,92,123.0719,-32.9770,-25.6137
11,93,124.1085,-24.6867,-27.7927
11,94,124.1999,-16.3512,-29.8067
11,95,123.3862,-8.0872,-31.6064
12,0,120.0473,0.0000,-34.9233
12,1,117.4386,7.6973,-36.1923
12,2,114.1766,15.0316,-37.1308
12,3,110.3662,21.9532,-37.7371
12,4,106.1097,28.4320,-38.0212
12,5,101.5008,34.4549,-38.0025
12,6,96.6217,40.0220,-37.7073
12,7,91.5410,45.1430,-37.1660
12,8,86.3141,49.8335,-36.4103
12,9,80.9857,54.1129,-35.4707
12,10,75.5914,58.0033,-34.3753
12,11,70.1606,61.5292,-33.1488
12,12,64.7174,64.7174,-31.8122
12,13,59.2818,67.5979,-30.3837
12,14,53.8692,70.2037,-28.8792
12,15,48.4897,72.5700,-27.3130
12,16,43.1473,74.7334,-25.6988
12,17,37.8391,76.7301,-24.0499
12,18,32.5548,78.5943,-22.3797
12,19,27.2772,80.3562,-20.7019
12,20,21.9825,82.0398,-19.0304
12,21,16.6414,83.6620,-17.3797
12,22,11.2208,85.2303,-15.7649
12,23,5.6854,86.7424,-14.2023
12,24,0.0000,88.1856,-12.7096
12,25,-5.8685,89.5362,-11.3065
12,26,-11.9489,90.7605,-10.0154
12,27,-18.2632,91.8154,-8.8610
12,28,-24.8252,92.6491,-7.8706
12,29,-31.6380,93.2027,-7.0738
12,30,-38.6922,93.4113,-6.5011
12,31,-45.9639,93.2055,-6.1829
12,32,-53.4129,92.5139,-6.1476
12,33,-60.9812,91.2649,-6.4192
12,34,-68.5923,89.3912,-7.0152
12,35,-76.1511,86.8337,-7.9443
12,36,-83.5465,83.5465,-9.2043
12,37,-90.6545,79.5018,-10.7808
12,38,-97.3436,74.6944,-12.6465
12,39,-103.4818,69.1443,-14.7615
12,40,-108.9436,62.8986,-17.0748
12,41,-113.6173,56.0299,-19.5261
12,42,-117.4115,48.6334,-22.0483
12,43,-120.2603,40.8229,-24.5716
12,44,-122.1262,32.7236,-27.0256
12,45,-123.0022,24.4667,-29.3435
12,46,-122.9107,16.1815,-31.4649
12,47,-121.9015,7.9898,-33.3383
12,48,-120.0473,0.0000,-34.9233
12,49,-117.4386,-7.6973,-36.1923
12,50,-114.1766,-15.0316,-37.1308
12,51,-110.3662,-21.9532,-37.7371
12,52,-106.1097,-28.4320,-38.0212
12,53,-101.5008,-34.4549,-38.0025
12,54,-96.6217,-40.0220,-37.7073
12,55,-91.5410,-45.1430,-37.1660
12,56,-86.3141,-49.8335,-36.4103
12,57,-80.9857,-54.1129,-35.4707
12,58,-75.5914,-58.0033,-34.3753
12,59,-70.1606,-61.5292,-33.1488
12,60,-64.7174,-64.7174,-31.8122
12,61,-59.2818,-67.5979,-30.3837
12,62,-53.8692,-70.2037,-28.8792
12,63,-48.4897,-72.5700,-27.3130
12,64,-43.1473,-74.7334,-25.6988
12,65,-37.8391,-76.7301,-24.0499
12,66,-32.5548,-78.5943,-22.3797
12,67,-27.2772,-80.3562,-20.7019
12,68,-21.9825,-82.0398,-19.0304
12,69,-16.6414,-83.6620,-17.3797
12,70,-11.2208,-85.2303,-15.7649
12,71,-5.6854,-86.7424,-14.2023
12,72,-0.0000,-88.1856,-12.7096
12,73,5.8685,-89.5362,-11.3065
12,74,11.9489,-90.7605,-10.0154
12,75,18.2632,-91.8154,-8.8610
12,76,24.8252,-92.6491,-7.8706
12,77,31.6380,-93.2027,-7.0738
12,78,38.6922,-93.4113,-6.5011
12,79,45.9639,-93.2055,-6.1829
12,80,53.4129,-92.5139,-6.1476
12,81,60.9812,-91.2649,-6.4192
12,82,68.5923,-89.3912,-7.0152
12,83,76.1511,-86.8337,-7.9443
12,84,83.5465,-83.5465,-9.2043
12,85,90.6545,-79.5018,-10.7808
12,86,97.3436,-74.6944,-12.6465
12,87,103.4818,-69.1443,-14.7615
12,88,108.9436,-62.8986,-17.0748
12,89,113.6173,-56.0299,-19.5261
12,90,117.4115,-48.6334,-22.0483
12,91,120.2603,-40.8229,-24.5716
12,92,122.1262,-32.7236,-27.0256
12,93,123.0022,-24.4667,-29.3435
12,94,122.9107,-16.1815,-31.4649
12,95,121.9015,-7.9898,-33.3383
13,0,118.4540,0.0000,-36.2929
13,1,115.6673,7.5812,-37.5776
13,2,112.2422,14.7770,-38.5032
13,3,108.2912,21.5405,-39.0723
13,4,103.9223,27.8459,-39.2992
13,5,99.2330,33.6851,-39.2079
13,6,94.3071,39.0633,-38.8287
13,7,89.2133,43.9951,-38.1954
13,8,84.0053,48.5005,-37.3426
13,9,78.7249,52.6023,-36.3032
13,10,73.4039,56.3248,-35.1075
13,11,68.0671,59.6933,-33.7815
13,12,62.7348,62.7348,-32.3478
13,13,57.4233,65.4788,-30.8255
13,14,52.1452,67.9569,-29.2313
13,15,46.9088,70.2039,-27.5800
13,16,41.7171,72.2561,-25.8855
13,17,36.5669,74.1503,-24.1614
13,18,31.4480,75.9222,-22.4213
13,19,26.3432,77.6044,-20.6786
13,20,21.2281,79.2243,-18.9472
13,21,16.0725,80.8020,-17.2411
13,22,10.8414,82.3487,-15.5749
13,23,5.4968,83.8653,-13.9639
13,24,0.0000,85.3412,-12.4253
13,25,-5.6862,86.7541,-10.9780
13,26,-11.5947,88.0702,-9.6439
13,27,-17.7519,89.2446,-8.4478
13,28,-24.1752,90.2231,-7.4179
13,29,-30.8710,90.9431,-6.5853
13,30,-37.8323,91.3353,-5.9831
13,31,-45.0368,91.3257,-5.6449
13,32,-52.4451,90.8376,-5.6031
13,33,-59.9988,89.7945,-5.8858
13,34,-67.6195,88.1234,-6.5147
13,35,-75.2091,85.7595,-7.5019
13,36,-82.6512,82.6512,-8.8476
13,37,-89.8148,78.7655,-10.5382
13,38,-96.5599,74.0930,-12.5450
13,39,-102.7446,68.6517,-14.8247
13,40,-108.2336,62.4887,-17.3203
13,41,-112.9066,55.6794,-19.9638
13,42,-116.6660,48.3247,-22.6794
13,43,-119.4428,40.5454,-25.3877
13,44,-121.2005,32.4756,-28.0097
13,45,-121.9365,24.2547,-30.4712
13,46,-121.6805,16.0195,-32.7062
13,47,-120.4920,7.8975,-34.6604
13,48,-118.4540,0.0000,-36.2929
13,49,-115.6673,-7.5812,-37.5776
13,50,-112.2422,-14.7770,-38.5032
13,51,-108.2912,-21.5405,-39.0723
13,52,-103.9223,-27.8459,-39.2992
13,53,-99.2330,-33.6851,-39.2079
13,54,-94.3071,-39.0633,-38.8287
13,55,-89.2133,-43.9951,-38.1954
13,56,-84.0053,-48.5005,-37.3426
13,57,-78.7249,-52.6023,-36.3032
13,58,-73.4039,-56.3248,-35.1075
13,59,-68.0671,-59.6933,-33.7815
13,60,-62.7348,-62.7348,-32.3478
13,61,-57.4233,-65.4788,-30.8255
13,62,-52.1452,-67.9569,-29.2313
13,63,-46.9088,-70.2039,-27.5800
13,64,-41.7171,-72.2561,-25.8855
13,65,-36.5669,-74.1503,-24.1614
13,66,-31.4480,-75.9222,-22.4213
13,67,-26.3432,-77.6044,-20.6786
13,68,-21.2281,-79.2243,-18.9472
13,69,-16.0725,-80.8020,-17.2411
13,70,-10.8414,-82.3487,-15.5749
13,71,-5.4968,-83.8653,-13.9639
13,72,-0.0000,-85.3412,-12.4253
13,73,5.6862,-86.7541,-10.9780
13,74,11.5947,-88.0702,-9.6439
13,75,17.7519,-89.2446,-8.4478
13,76,24.1752,-90.2231,-7.4179
13,77,30.8710,-90.9431,-6.5853
13,78,37.8323,-91.3353,-5.9831
13,79,45.0368,-91.3257,-5.6449
13,80,52.4451,-90.8376,-5.6031
13,81,59.9988,-89.7945,-5.8858
13,82,67.6195,-88.1234,-6.5147
13,83,75.2091,-85.7595,-7.5019
13,84,82.6512,-82.6512,-8.8476
13,85,89.8148,-78.7655,-10.5382
13,86,96.5599,-74.0930,-12.5450
13,87,102.7446,-68.6517,-14.8247
13,88,108.2336,-62.4887,-17.3203
13,89,112.9066,-55.6794,-19.9638
13,90,116.6660,-48.3247,-22.6794
13,91,119.4428,-40.5454,-25.3877
13,92,121.2005,-32.4756,-28.0097
13,93,121.9365,-24.2547,-30.4712
13,94,121.6805,-16.0195,-32.7062
13,95,120.4920,-7.8975,-34.6604
14,0,117.0102,0.0000,-37.2376
14,1,114.0611,7.4760,-38.5501
14,2,110.4845,14.5456,-39.4759
14,3,106.4005,21.1644,-40.0214
14,4,101.9228,27.3101,-40.2056
14,5,97.1528,32.9789,-40.0568
14,6,92.1765,38.1808,-39.6092
14,7,87.0629,42.9347,-38.8999
14,8,81.8650,47.2648,-37.9661
14,9,76.6221,51.1973,-36.8430
14,10,71.3629,54.7587,-35.5622
14,11,66.1087,57.9758,-34.1513
14,12,60.8757,60.8757,-32.6340
14,13,55.6766,63.4870,-31.0303
14,14,50.5214,65.8408,-29.3575
14,15,45.4163,67.9703,-27.6312
14,16,40.3633,69.9113,-25.8657
14,17,35.3588,71.7006,-24.0749
14,18,30.3929,73.3749,-22.2727
14,19,25.4484,74.9687,-20.4726
14,20,20.5013,76.5120,-18.6885
14,21,15.5209,78.0287,-16.9340
14,22,10.4708,79.5338,-15.2231
14,23,5.3111,81.0319,-13.5704
14,24,0.0000,82.5159,-11.9916
14,25,-5.5034,83.9658,-10.5046
14,26,-11.2364,85.3490,-9.1303
14,27,-17.2298,86.6202,-7.8928
14,28,-23.5054,87.7234,-6.8207
14,29,-30.0733,88.5930,-5.9458
14,30,-36.9295,89.1557,-5.3033
14,31,-44.0542,89.3330,-4.9300
14,32,-51.4092,89.0434,-4.8618
14,33,-58.9367,88.2050,-5.1317
14,34,-66.5575,86.7394,-5.7660
14,35,-74.1712,84.5760,-6.7814
14,36,-81.6573,81.6573,-8.1817
14,37,-88.8787,77.9445,-9.9553
14,38,-95.6873,73.4234,-12.0739
14,39,-101.9318,68.1086,-14.4918
14,40,-107.4669,62.0460,-17.1475
14,41,-112.1629,55.3126,-19.9662
14,42,-115.9146,48.0134,-22.8635
14,43,-118.6485,40.2757,-25.7507
14,44,-120.3274,32.2416,-28.5395
14,45,-120.9516,24.0588,-31.1475
14,46,-120.5573,15.8717,-33.5027
14,47,-119.2124,7.8136,-35.5467
14,48,-117.0102,0.0000,-37.2376
14,49,-114.0611,-7.4760,-38.5501
14,50,-110.4845,-14.5456,-39.4759
14,51,-106.4005,-21.1644,-40.0214
14,52,-101.9228,-27.3101,-40.2056
14,53,-97.1528,-32.9789,-40.0568
14,54,-92.1765,-38.1808,-39.6092
14,55,-87.0629,-42.9347,-38.8999
14,56,-81.8650,-47.2648,-37.9661
14,57,-76.6221,-51.1973,-36.8430
14,58,-71.3629,-54.7587,-35.5622
14,59,-66.1087,-57.9758,-34.1513
14,60,-60.8757,-60.8757,-32.6340
14,61,-55.6766,-63.4870,-31.0303
14,62,-50.5214,-65.8408,-29.3575
14,63,-45.4163,-67.9703,-27.6312
14,64,-40.3633,-69.9113,-25.8657
14,65,-35.3588,-71.7006,-24.0749
14,66,-30.3929,-73.3749,-22.2727
14,67,-25.4484,-74.9687,-20.4726
14,68,-20.5013,-76.5120,-18.6885
14,69,-15.5209,-78.0287,-16.9340
14,70,-10.4708,-79.5338,-15.2231
14,71,-5.3111,-81.0319,-13.5704
14,72,-0.0000,-82.5159,-11.9916
14,73,5.5034,-83.9658,-10.5046
14,74,11.2364,-85.3490,-9.1303
14,75,17.2298,-86.6202,-7.8928
14,76,23.5054,-87.7234,-6.8207
14,77,30.0733,-88.5930,-5.9458
14,78,36.9295,-89.1557,-5.3033
14,79,44.0542,-89.3330,-4.9300
14,80,51.4092,-89.0434,-4.8618
14,81,58.9367,-88.2050,-5.1317
14,82,66.5575,-86.7394,-5.7660
14,83,74.1712,-84.5760,-6.7814
14,84,81.6573,-81.6573,-8.1817
14,85,88.8787,-77.9445,-9.9553
14,86,95.6873,-73.4234,-12.0739
14,87,101.9318,-68.1086,-14.4918
14,88,107.4669,-62.0460,-17.1475
14,89,112.1629,-55.3126,-19.9662
14,90,115.9146,-48.0134,-22.8635
14,91,118.6485,-40.2757,-25.7507
14,92,120.3274,-32.2416,-28.5395
14,93,120.9516,-24.0588,-31.1475
14,94,120.5573,-15.8717,-33.5027
14,95,119.2124,-7.8136,-35.5467
15,0,115.7680,0.0000,-37.7455
15,1,112.6765,7.3852,-39.1017
15,2,108.9630,14.3452,-40.0449
15,3,104.7550,20.8371,-40.5849
15,4,100.1723,26.8411,-40.7446
15,5,95.3206,32.3570,-40.5566
15,6,90.2885,37.3987,-40.0587
15,7,85.1464,41.9895,-39.2914
15,8,79.9469,46.1574,-38.2943
15,9,74.7282,49.9318,-37.1044
15,10,69.5164,53.3418,-35.7549
15,11,64.3298,56.4157,-34.2746
15,12,59.1811,59.1811,-32.6881
15,13,54.0799,61.6663,-31.0162
15,14,49.0329,63.9010,-29.2769
15,15,44.0446,65.9173,-27.4864
15,16,39.1154,67.7499,-25.6598
15,17,34.2415,69.4348,-23.8113
15,18,29.4129,71.0090,-21.9552
15,19,24.6132,72.5081,-20.1055
15,20,19.8187,73.9644,-18.2760
15,21,14.9990,75.4048,-16.4803
15,22,10.1173,76.8484,-14.7316
15,23,5.1323,78.3043,-13.0435
15,24,0.0000,79.7694,-11.4307
15,25,-5.3239,81.2276,-9.9093
15,26,-10.8809,82.6486,-8.4987
15,27,-16.7063,83.9884,-7.2220
15,28,-22.8267,85.1904,-6.1068
15,29,-29.2565,86.1869,-5.1854
15,30,-35.9958,86.9015,-4.4943
15,31,-43.0276,87.2514,-4.0725
15,32,-50.3163,87.1505,-3.9599
15,33,-57.8052,86.5116,-4.1938
15,34,-65.4154,85.2510,-4.8059
15,35,-73.0451,83.2920,-5.8181
15,36,-80.5711,80.5711,-7.2389
15,37,-87.8511,77.0433,-9.0604
15,38,-94.7300,72.6889,-11.2559
15,39,-101.0477,67.5179,-13.7792
15,40,-106.6489,61.5738,-16.5659
15,41,-111.3940,54.9335,-19.5355
15,42,-115.1693,47.7047,-22.5963
15,43,-117.8951,40.0200,-25.6506
15,44,-119.5314,32.0283,-28.6011
15,45,-120.0796,23.8853,-31.3566
15,46,-119.5805,15.7431,-33.8381
15,47,-118.1093,7.7413,-35.9826
15,48,-115.7680,0.0000,-37.7455
15,49,-112.6765,-7.3852,-39.1017
15,50,-108.9630,-14.3452,-40.0449
15,51,-104.7550,-20.8371,-40.5849
15,52,-100.1723,-26.8411,-40.7446
15,53,-95.3206,-32.3570,-40.5566
15,54,-90.2885,-37.3987,-40.0587
15,55,-85.1464,-41.9895,-39.2914
15,56,-79.9469,-46.1574,-38.2943
15,57,-74.7282,-49.9318,-37.1044
15,58,-69.5164,-53.3418,-35.7549
15,59,-64.3298,-56.4157,-34.2746
15,60,-59.1811,-59.1811,-32.6881
15,61,-54.0799,-61.6663,-31.0162
15,62,-49.0329,-63.9010,-29.2769
15,63,-44.0446,-65.9173,-27.4864
15,64,-39.1154,-67.7499,-25.6598
15,65,-34.2415,-69.4348,-23.8113
15,66,-29.4129,-71.0090,-21.9552
15,67,-24.6132,-72.5081,-20.1055
15,68,-19.8187,-73.9644,-18.2760
15,69,-14.9990,-75.4048,-16.4803
15,70,-10.1173,-76.8484,-14.7316
15,71,-5.1323,-78.3043,-13.0435
15,72,-0.0000,-79.7694,-11.4307
15,73,5.3239,-81.2276,-9.9093
15,74,10.8809,-82.6486,-8.4987
15,75,16.7063,-83.9884,-7.2220
15,76,22.8267,-85.1904,-6.1068
15,77,29.2565,-86.1869,-5.1854
15,78,35.9958,-86.9015,-4.4943
15,79,43.0276,-87.2514,-4.0725
15,80,50.3163,-87.1505,-3.9599
15,81,57.8052,-86.5116,-4.1938
15,82,65.4154,-85.2510,-4.8059
15,83,73.0451,-83.2920,-5.8181
15,84,80.5711,-80.5711,-7.2389
15,85,87.8511,-77.0433,-9.0604
15,86,94.7300,-72.6889,-11.2559
15,87,101.0477,-67.5179,-13.7792
15,88,106.6489,-61.5738,-16.5659
15,89,111.3940,-54.9335,-19.5355
15,90,115.1693,-47.7047,-22.5963
15,91,117.8951,-40.0200,-25.6506
15,92,119.5314,-32.0283,-28.6011
15,93,120.0796,-23.8853,-31.3566
15,94,119.5805,-15.7431,-33.8381
15,95,118.1093,-7.7413,-35.9826
16,0,114.7671,0.0000,-37.8149
16,1,111.5576,7.3119,-39.2340
16,2,107.7245,14.1822,-40.2156
16,3,103.4032,20.5682,-40.7718
16,4,98.7197,26.4519,-40.9290
16,5,93.7847,31.8356,-40.7230
16,6,88.6903,36.7367,-40.1954
16,7,83.5091,41.1821,-39.3897
16,8,78.2945,45.2034,-38.3479
16,9,73.0843,48.8334,-37.1090
16,10,67.9030,52.1038,-35.7077
16,11,62.7666,55.0448,-34.1739
16,12,57.6848,57.6848,-32.5329
16,13,52.6640,60.0518,-30.8064
16,14,47.7084,62.1748,-29.0131
16,15,42.8198,64.0843,-27.1699
16,16,37.9974,65.8135,-25.2923
16,17,33.2366,67.3972,-23.3953
16,18,28.5276,68.8717,-21.4938
16,19,23.8544,70.2728,-19.6021
16,20,19.1943,71.6343,-17.7342
16,21,14.5178,72.9857,-15.9038
16,22,9.7883,74.3498,-14.1235
16,23,4.9643,75.7402,-12.4062
16,24,0.0000,77.1589,-10.7649
16,25,-5.1514,78.5945,-9.2143
16,26,-10.5349,80.0208,-7.7718
16,27,-16.1908,81.3966,-6.4586
16,28,-22.1504,82.6663,-5.3011
16,29,-28.4332,83.7616,-4.3310
16,30,-35.0440,84.6038,-3.5852
16,31,-41.9700,85.1068,-3.1046
16,32,-49.1786,85.1798,-2.9320
16,33,-56.6155,84.7310,-3.1093
16,34,-64.2029,83.6709,-3.6731
16,35,-71.8391,81.9168,-4.6512
16,36,-79.3990,79.3990,-6.0578
16,37,-86.7366,76.0660,-7.8897
16,38,-93.6910,71.8916,-10.1237
16,39,-100.0941,66.8808,-12.7149
16,40,-105.7813,61.0729,-15.5976
16,41,-110.6028,54.5432,-18.6878
16,42,-114.4353,47.4007,-21.8876
16,43,-117.1917,39.7812,-25.0917
16,44,-118.8270,31.8396,-28.1941
16,45,-119.3413,23.7385,-31.0952
16,46,-118.7777,15.6374,-33.7082
16,47,-117.2165,7.6828,-35.9641
16,48,-114.7671,0.0000,-37.8149
16,49,-111.5576,-7.3119,-39.2340
16,50,-107.7245,-14.1822,-40.2156
16,51,-103.4032,-20.5682,-40.7718
16,52,-98.7197,-26.4519,-40.9290
16,53,-93.7847,-31.8356,-40.7230
16,54,-88.6903,-36.7367,-40.1954
16,55,-83.5091,-41.1821,-39.3897
16,56,-78.2945,-45.2034,-38.3479
16,57,-73.0843,-48.8334,-37.1090
16,58,-67.9030,-52.1038,-35.7077
16,59,-62.7666,-55.0448,-34.1739
16,60,-57.6848,-57.6848,-32.5329
16,61,-52.6640,-60.0518,-30.8064
16,62,-47.7084,-62.1748,-29.0131
16,63,-42.8198,-64.0843,-27.1699
16,64,-37.9974,-65.8135,-25.2923
16,65,-33.2366,-67.3972,-23.3953
16,66,-28.5276,-68.8717,-21.4938
16,67,-23.8544,-70.2728,-19.6021
16,68,-19.1943,-71.6343,-17.7342
16,69,-14.5178,-72.9857,-15.9038
16,70,-9.7883,-74.3498,-14.1235
16,71,-4.9643,-75.7402,-12.4062
16,72,-0.0000,-77.1589,-10.7649
16,73,5.1514,-78.5945,-9.2143
16,74,10.5349,-80.0208,-7.7718
16,75,16.1908,-81.3966,-6.4586
16,76,22.1504,-82.6663,-5.3011
16,77,28.4332,-83.7616,-4.3310
16,78,35.0440,-84.6038,-3.5852
16,79,41.9700,-85.1068,-3.1046
16,80,49.1786,-85.1798,-2.9320
16,81,56.6155,-84.7310,-3.1093
16,82,64.2029,-83.6709,-3.6731
16,83,71.8391,-81.9168,-4.6512
16,84,79.3990,-79.3990,-6.0578
16,85,86.7366,-76.0660,-7.8897
16,86,93.6910,-71.8916,-10.1237
16,87,100.0941,-66.8808,-12.7149
16,88,105.7813,-61.0729,-15.5976
16,89,110.6028,-54.5432,-18.6878
16,90,114.4353,-47.4007,-21.8876
16,91,117.1917,-39.7812,-25.0917
16,92,118.8270,-31.8396,-28.1941
16,93,119.3413,-23.7385,-31.0952
16,94,118.7777,-15.6374,-33.7082
16,95,117.2165,-7.6828,-35.9641
17,0,114.0312,0.0000,-37.4531
17,1,110.7323,7.2578,-38.9563
17,2,106.8003,14.0605,-40.0003
17,3,102.3781,20.3643,-40.5980
17,4,97.5988,26.1515,-40.7775
17,5,92.5788,31.4263,-40.5777
17,6,87.4149,36.2084,-40.0430
17,7,82.1829,40.5281,-39.2199
17,8,76.9383,44.4203,-38.1531
17,9,71.7192,47.9212,-36.8835
17,10,66.5498,51.0654,-35.4474
17,11,61.4442,53.8851,-33.8758
17,12,56.4100,56.4100,-32.1952
17,13,51.4507,58.6682,-30.4279
17,14,46.5676,60.6881,-28.5933
17,15,41.7603,62.4987,-26.7088
17,16,37.0263,64.1314,-24.7907
17,17,32.3598,65.6192,-22.8547
17,18,27.7510,66.9969,-20.9159
17,19,23.1847,68.2998,-18.9896
17,20,18.6391,69.5621,-17.0899
17,21,14.0860,70.8151,-15.2304
17,22,9.4901,72.0846,-13.4238
17,23,4.8101,73.3886,-11.6820
17,24,0.0000,74.7347,-10.0168
17,25,-4.9890,76.1170,-8.4411
17,26,-10.2050,77.5148,-6.9704
17,27,-15.6925,78.8914,-5.6236
17,28,-21.4879,80.1939,-4.4254
17,29,-27.6164,81.3552,-3.4060
17,30,-34.0881,82.2958,-2.6019
17,31,-40.8952,82.9272,-2.0550
17,32,-48.0094,83.1548,-1.8102
17,33,-55.3799,82.8819,-1.9132
17,34,-62.9312,82.0135,-2.4056
17,35,-70.5625,80.4611,-3.3211
17,36,-78.1482,78.1482,-4.6799
17,37,-85.5400,75.0166,-6.4849
17,38,-92.5725,71.0334,-8.7175
17,39,-99.0710,66.1971,-11.3361
17,40,-104.8621,60.5422,-14.2758
17,41,-109.7864,54.1407,-17.4511
17,42,-113.7105,47.1004,-20.7601
17,43,-116.5382,39.5594,-24.0913
17,44,-118.2176,31.6763,-27.3313
17,45,-118.7448,23.6198,-30.3723
17,46,-118.1622,15.5564,-33.1197
17,47,-116.5529,7.6393,-35.4978
17,48,-114.0312,0.0000,-37.4531
17,49,-110.7323,-7.2578,-38.9563
17,50,-106.8003,-14.0605,-40.0003
17,51,-102.3781,-20.3643,-40.5980
17,52,-97.5988,-26.1515,-40.7775
17,53,-92.5788,-31.4263,-40.5777
17,54,-87.4149,-36.2084,-40.0430
17,55,-82.1829,-40.5281,-39.2199
17,56,-76.9383,-44.4203,-38.1531
17,57,-71.7192,-47.9212,-36.8835
17,58,-66.5498,-51.0654,-35.4474
17,59,-61.4442,-53.8851,-33.8758
17,60,-56.4100,-56.4100,-32.1952
17,61,-51.4507,-58.6682,-30.4279
17,62,-46.5676,-60.6881,-28.5933
17,63,-41.7603,-62.4987,-26.7088
17,64,-37.0263,-64.1314,-24.7907
17,65,-32.3598,-65.6192,-22.8547
17,66,-27.7510,-66.9969,-20.9159
17,67,-23.1847,-68.2998,-18.9896
17,68,-18.6391,-69.5621,-17.0899
17,69,-14.0860,-70.8151,-15.2304
17,70,-9.4901,-72.0846,-13.4238
17,71,-4.8101,-73.3886,-11.6820
17,72,-0.0000,-74.7347,-10.0168
17,73,4.9890,-76.1170,-8.4411
17,74,10.2050,-77.5148,-6.9704
17,75,15.6925,-78.8914,-5.6236
17,76,21.4879,-80.1939,-4.4254
17,77,27.6164,-81.3552,-3.4060
17,78,34.0881,-82.2958,-2.6019
17,79,40.8952,-82.9272,-2.0550
17,80,48.0094,-83.1548,-1.8102
17,81,55.3799,-82.8819,-1.9132
17,82,62.9312,-82.0135,-2.4056
17,83,70.5625,-80.4611,-3.3211
17,84,78.1482,-78.1482,-4.6799
17,85,85.5400,-75.0166,-6.4849
17,86,92.5725,-71.0334,-8.7175
17,87,99.0710,-66.1971,-11.3361
17,88,104.8621,-60.5422,-14.2758
17,89,109.7864,-54.1407,-17.4511
17,90,113.7105,-47.1004,-20.7601
17,91,116.5382,-39.5594,-24.0913
17,92,118.2176,-31.6763,-27.3313
17,93,118.7448,-23.6198,-30.3723
17,94,118.1622,-15.5564,-33.1197
17,95,116.5529,-7.6393,-35.4978
18,0,113.5671,0.0000,-36.6752
18,1,110.2112,7.2236,-38.2843
18,2,106.2040,13.9820,-39.4164
18,3,101.6957,20.2285,-40.0829
18,4,96.8268,25.9447,-40.3124
18,5,91.7207,31.1350,-40.1451
18,6,86.4799,35.8212,-39.6281
18,7,81.1849,40.0359,-38.8101
18,8,75.8943,43.8176,-37.7387
18,9,70.6481,47.2056,-36.4570
18,10,65.4709,50.2376,-35.0031
18,11,60.3759,52.9482,-33.4096
18,12,55.3688,55.3688,-31.7041
18,13,50.4509,57.5282,-29.9096
18,14,45.6208,59.4541,-28.0463
18,15,40.8755,61.1745,-26.1322
18,16,36.2106,62.7186,-24.1841
18,17,31.6192,64.1173,-22.2183
18,18,27.0910,65.4035,-20.2506
18,19,22.6113,66.6108,-18.2965
18,20,18.1597,67.7729,-16.3708
18,21,13.7094,68.9219,-14.4872
18,22,9.2270,70.0858,-12.6582
18,23,4.6724,71.2867,-10.8952
18,24,0.0000,72.5372,-9.2091
18,25,-4.8396,73.8379,-7.6111
18,26,-9.8969,75.1745,-6.1147
18,27,-15.2200,76.5161,-4.7367
18,28,-20.8504,77.8149,-3.4993
18,29,-26.8191,79.0065,-2.4309
18,30,-33.1422,80.0124,-1.5669
18,31,-39.8181,80.7431,-0.9487
18,32,-46.8237,81.1011,-0.6230
18,33,-54.1126,80.9853,-0.6380
18,34,-61.6129,80.2955,-1.0397
18,35,-69.2260,78.9372,-1.8674
18,36,-76.8271,76.8271,-3.1478
18,37,-84.2669,73.9001,-4.8902
18,38,-91.3770,70.1160,-7.0821
18,39,-97.9774,65.4664,-9.6868
18,40,-103.8874,59.9794,-12.6422
18,41,-108.9383,53.7224,-15.8636
18,42,-112.9867,46.8006,-19.2476
18,43,-115.9260,39.3516,-22.6786
18,44,-117.6956,31.5364,-26.0372
18,45,-118.2848,23.5283,-29.2085
18,46,-117.7324,15.4998,-32.0901
18,47,-116.1208,7.6110,-34.5989
18,48,-113.5671,0.0000,-36.6752
18,49,-110.2112,-7.2236,-38.2843
18,50,-106.2040,-13.9820,-39.4164
18,51,-101.6957,-20.2285,-40.0829
18,52,-96.8268,-25.9447,-40.3124
18,53,-91.7207,-31.1350,-40.1451
18,54,-86.4799,-35.8212,-39.6281
18,55,-81.1849,-40.0359,-38.8101
18,56,-75.8943,-43.8176,-37.7387
18,57,-70.6481,-47.2056,-36.4570
18,58,-65.4709,-50.2376,-35.0031
18,59,-60.3759,-52.9482,-33.4096
18,60,-55.3688,-55.3688,-31.7041
18,61,-50.4509,-57.5282,-29.9096
18,62,-45.6208,-59.4541,-28.0463
18,63,-40.8755,-61.1745,-26.1322
18,64,-36.2106,-62.7186,-24.1841
18,65,-31.6192,-64.1173,-22.2183
18,66,-27.0910,-65.4035,-20.2506
18,67,-22.6113,-66.6108,-18.2965
18,68,-18.1597,-67.7729,-16.3708
18,69,-13.7094,-68.9219,-14.4872
18,70,-9.2270,-70.0858,-12.6582
18,71,-4.6724,-71.2867,-10.8952
18,72,-0.0000,-72.5372,-9.2091
18,73,4.8396,-73.8379,-7.6111
18,74,9.8969,-75.1745,-6.1147
18,75,15.2200,-76.5161,-4.7367
18,76,20.8504,-77.8149,-3.4993
18,77,26.8191,-79.0065,-2.4309
18,78,33.1422,-80.0124,-1.5669
18,79,39.8181,-80.7431,-0.9487
18,80,46.8237,-81.1011,-0.6230
18,81,54.1126,-80.9853,-0.6380
18,82,61.6129,-80.2955,-1.0397
18,83,69.2260,-78.9372,-1.8674
18,84,76.8271,-76.8271,-3.1478
18,85,84.2669,-73.9001,-4.8902
18,86,91.3770,-70.1160,-7.0821
18,87,97.9774,-65.4664,-9.6868
18,88,103.8874,-59.9794,-12.6422
18,89,108.9383,-53.7224,-15.8636
18,90,112.9867,-46.8006,-19.2476
18,91,115.9260,-39.3516,-22.6786
18,92,117.6956,-31.5364,-26.0372
18,93,118.2848,-23.5283,-29.2085
18,94,117.7324,-15.4998,-32.0901
18,95,116.1208,-7.6110,-34.5989
19,0,113.3645,0.0000,-35.5025
19,1,109.9873,7.2090,-37.2387
19,2,105.9317,13.9462,-38.4847
19,3,101.3546,20.1607,-39.2485
19,4,96.4044,25.8315,-39.5570
19,5,91.2121,30.9623,-39.4506
19,6,85.8877,35.5759,-38.9775
19,7,80.5175,39.7068,-38.1887
19,8,75.1650,43.3965,-37.1340
19,9,69.8731,46.6877,-35.8593
19,10,64.6679,49.6214,-34.4049
19,11,59.5627,52.2351,-32.8052
19,12,54.5620,54.5620,-31.0891
19,13,49.6651,56.6322,-29.2808
19,14,44.8680,58.4731,-27.4013
19,15,40.1654,60.1118,-25.4690
19,16,35.5507,61.5756,-23.5015
19,17,31.0154,62.8930,-21.5152
19,18,26.5487,64.0943,-19.5267
19,19,22.1361,65.2110,-17.5516
19,20,17.7584,66.2752,-15.6052
19,21,13.3905,67.3187,-13.7015
19,22,9.0012,68.3710,-11.8529
19,23,4.5525,69.4570,-10.0707
19,24,0.0000,70.5943,-8.3649
19,25,-4.7053,71.7895,-6.7456
19,26,-9.6153,73.0355,-5.2246
19,27,-14.7809,74.3087,-3.8166
19,28,-20.2483,75.5675,-2.5411
19,29,-26.0540,76.7527,-1.4243
19,30,-32.2211,77.7887,-0.4997
19,31,-38.7544,78.5862,0.1922
19,32,-45.6374,79.0463,0.6047
19,33,-52.8293,79.0646,0.6877
19,34,-60.2627,78.5358,0.3916
19,35,-67.8425,77.3596,-0.3276
19,36,-75.4460,75.4460,-1.5028
19,37,-82.9243,72.7227,-3.1503
19,38,-90.1077,69.1421,-5.2645
19,39,-96.8125,64.6881,-7.8148
19,40,-102.8520,59.3816,-10.7444
19,41,-108.0493,53.2840,-13.9714
19,42,-112.2510,46.4959,-17.3932
19,43,-115.3397,39.1525,-20.8927
19,44,-117.2441,31.4155,-24.3466
19,45,-117.9445,23.4606,-27.6342
19,46,-117.4726,15.4656,-30.6460
19,47,-115.9071,7.5970,-33.2912
19,48,-113.3645,0.0000,-35.5025
19,49,-109.9873,-7.2090,-37.2387
19,50,-105.9317,-13.9462,-38.4847
19,51,-101.3546,-20.1607,-39.2485
19,52,-96.4044,-25.8315,-39.5570
19,53,-91.2121,-30.9623,-39.4506
19,54,-85.8877,-35.5759,-38.9775
19,55,-80.5175,-39.7068,-38.1887
19,56,-75.1650,-43.3965,-37.1340
19,57,-69.8731,-46.6877,-35.8593
19,58,-64.6679,-49.6214,-34.4049
19,59,-59.5627,-52.2351,-32.8052
19,60,-54.5620,-54.5620,-31.0891
19,61,-49.6651,-56.6322,-29.2808
19,62,-44.8680,-58.4731,-27.4013
19,63,-40.1654,-60.1118,-25.4690
19,64,-35.5507,-61.5756,-23.5015
19,65,-31.0154,-62.8930,-21.5152
19,66,-26.5487,-64.0943,-19.5267
19,67,-22.1361,-65.2110,-17.5516
19,68,-17.7584,-66.2752,-15.6052
19,69,-13.3905,-67.3187,-13.7015
19,70,-9.0012,-68.3710,-11.8529
19,71,-4.5525,-69.4570,-10.0707
19,72,-0.0000,-70.5943,-8.3649
19,73,4.7053,-71.7895,-6.7456
19,74,9.6153,-73.0355,-5.2246
19,75,14.7809,-74.3087,-3.8166
19,76,20.2483,-75.5675,-2.5411
19,77,26.0540,-76.7527,-1.4243
19,78,32.2211,-77.7887,-0.4997
19,79,38.7544,-78.5862,0.1922
19,80,45.6374,-79.0463,0.6047
19,81,52.8293,-79.0646,0.6877
19,82,60.2627,-78.5358,0.3916
19,83,67.8425,-77.3596,-0.3276
19,84,75.4460,-75.4460,-1.5028
19,85,82.9243,-72.7227,-3.1503
19,86,90.1077,-69.1421,-5.2645
19,87,96.8125,-64.6881,-7.8148
19,88,102.8520,-59.3816,-10.7444
19,89,108.0493,-53.2840,-13.9714
19,90,112.2510,-46.4959,-17.3932
19,91,115.3397,-39.1525,-20.8927
19,92,117.2441,-31.4155,-24.3466
19,93,117.9445,-23.4606,-27.6342
19,94,117.4726,-15.4656,-30.6460
19,95,115.9071,-7.5970,-33.2912
20,0,113.3983,0.0000,-33.9621
20,1,110.0381,7.2123,-35.8440
20,2,105.9636,13.9504,-37.2284
20,3,101.3380,20.1574,-38.1176
20,4,96.3170,25.8081,-38.5349
20,5,91.0405,30.9041,-38.5186
20,6,85.6270,35.4679,-38.1170
20,7,80.1703,39.5356,-37.3825
20,8,74.7402,43.1513,-36.3670
20,9,69.3842,46.3610,-35.1191
20,10,64.1310,49.2095,-33.6816
20,11,58.9950,51.7372,-32.0912
20,12,53.9801,53.9801,-30.3787
20,13,49.0840,55.9696,-28.5698
20,14,44.3006,57.7337,-26.6861
20,15,39.6220,59.2985,-24.7471
20,16,35.0392,60.6897,-22.7703
20,17,30.5422,61.9335,-20.7729
20,18,26.1192,63.0573,-18.7714
20,19,21.7556,64.0899,-16.7819
20,20,17.4331,65.0614,-14.8198
20,21,13.1286,66.0020,-12.8993
20,22,8.8130,66.9416,-11.0332
20,23,4.4509,67.9070,-9.2324
20,24,0.0000,68.9195,-7.5069
20,25,-4.5875,69.9916,-5.8660
20,26,-9.3636,71.1233,-4.3199
20,27,-14.3811,72.2989,-2.8815
20,28,-19.6902,73.4847,-1.5681
20,29,-25.3328,74.6280,-0.4033
20,30,-31.3386,75.6581,0.5819
20,31,-37.7198,76.4883,1.3487
20,32,-44.4672,77.0194,1.8512
20,33,-51.5465,77.1448,2.0387
20,34,-58.8964,76.7552,1.8593
20,35,-66.4263,75.7447,1.2648
20,36,-74.0169,74.0169,0.2167
20,37,-81.5213,71.4923,-1.3079
20,38,-88.7698,68.1155,-3.3110
20,39,-95.5769,63.8624,-5.7694
20,40,-101.7513,58.7461,-8.6329
20,41,-107.1093,52.8204,-11.8249
20,42,-111.4880,46.1798,-15.2461
20,43,-114.7591,38.9555,-18.7803
20,44,-116.8395,31.3070,-22.3026
20,45,-117.6977,23.4115,-25.6883
20,46,-117.3557,15.4502,-28.8219
20,47,-115.8849,7.5955,-31.6050
20,48,-113.3983,0.0000,-33.9621
20,49,-110.0381,-7.2123,-35.8440
20,50,-105.9636,-13.9504,-37.2284
20,51,-101.3380,-20.1574,-38.1176
20,52,-96.3170,-25.8081,-38.5349
20,53,-91.0405,-30.9041,-38.5186
20,54,-85.6270,-35.4679,-38.1170
20,55,-80.1703,-39.5356,-37.3825
20,56,-74.7402,-43.1513,-36.3670
20,57,-69.3842,-46.3610,-35.1191
20,58,-64.1310,-49.2095,-33.6816
20,59,-58.9950,-51.7372,-32.0912
20,60,-53.9801,-53.9801,-30.3787
20,61,-49.0840,-55.9696,-28.5698
20,62,-44.3006,-57.7337,-26.6861
20,63,-39.6220,-59.2985,-24.7471
20,64,-35.0392,-60.6897,-22.7703
20,65,-30.5422,-61.9335,-20.7729
20,66,-26.1192,-63.0573,-18.7714
20,67,-21.7556,-64.0899,-16.7819
20,68,-17.4331,-65.0614,-14.8198
20,69,-13.1286,-66.0020,-12.8993
20,70,-8.8130,-66.9416,-11.0332
20,71,-4.4509,-67.9070,-9.2324
20,72,-0.0000,-68.9195,-7.5069
20,73,4.5875,-69.9916,-5.8660
20,74,9.3636,-71.1233,-4.3199
20,75,14.3811,-72.2989,-2.8815
20,76,19.6902,-73.4847,-1.5681
20,77,25.3328,-74.6280,-0.4033
20,78,31.3386,-75.6581,0.5819
20,79,37.7198,-76.4883,1.3487
20,80,44.4672,-77.0194,1.8512
20,81,51.5465,-77.1448,2.0387
20,82,58.8964,-76.7552,1.8593
20,83,66.4263,-75.7447,1.2648
20,84,74.0169,-74.0169,0.2167
20,85,81.5213,-71.4923,-1.3079
20,86,88.7698,-68.1155,-3.3110
20,87,95.5769,-63.8624,-5.7694
20,88,101.7513,-58.7461,-8.6329
20,89,107.1093,-52.8204,-11.8249
20,90,111.4880,-46.1798,-15.2461
20,91,114.7591,-38.9555,-18.7803
20,92,116.8395,-31.3070,-22.3026
20,93,117.6977,-23.4115,-25.6883
20,94,117.3557,-15.4502,-28.8219
20,95,115.8849,-7.5955,-31.6050
21,0,113.6319,0.0000,-32.0861
21,1,110.3283,7.2313,-34.1284
21,2,106.2670,13.9903,-35.6727
21,3,101.6157,20.2126,-36.7136
21,4,96.5375,25.8671,-37.2683
21,5,91.1814,30.9519,-37.3716
21,6,85.6752,35.4878,-37.0698
21,7,80.1223,39.5119,-36.4155
21,8,74.6001,43.0704,-35.4625
21,9,69.1624,46.2128,-34.2618
21,10,63.8418,48.9876,-32.8591
21,11,58.6549,51.4389,-31.2938
21,12,53.6058,53.6058,-29.5990
21,13,48.6911,55.5215,-27.8020
21,14,43.9027,57.2151,-25.9260
21,15,39.2303,58.7124,-23.9910
21,16,34.6627,60.0376,-22.0151
21,17,30.1878,61.2148,-20.0155
21,18,25.7925,62.2686,-18.0088
21,19,21.4619,63.2248,-16.0112
21,20,17.1784,64.1105,-14.0382
21,21,12.9202,64.9543,-12.1041
21,22,8.6607,65.7847,-10.2219
21,23,4.3671,66.6295,-8.4029
21,24,0.0000,67.5125,-6.6567
21,25,-4.4865,68.4510,-4.9924
21,26,-9.1435,69.4517,-3.4195
21,27,-14.0247,70.5069,-1.9493
21,28,-19.1829,71.5916,-0.5971
21,29,-24.6651,72.6610,0.6161
21,30,-30.5072,73.6510,1.6619
21,31,-36.7291,74.4792,2.5039
21,32,-43.3293,75.0485,3.0979
21,33,-50.2814,75.2514,3.3936
21,34,-57.5308,74.9756,3.3381
21,35,-64.9930,74.1103,2.8802
21,36,-72.5534,72.5534,1.9765
21,37,-80.0685,70.2182,0.5978
21,38,-87.3702,67.0415,-1.2655
21,39,-94.2726,62.9910,-3.5983
21,40,-100.5820,58.0710,-6.3584
21,41,-106.1089,52.3271,-9.4766
21,42,-110.6821,45.8460,-12.8590
21,43,-114.1625,38.7529,-16.3929
21,44,-116.4540,31.2038,-19.9542
21,45,-117.5121,23.3746,-23.4163
21,46,-117.3463,15.4489,-26.6589
21,47,-116.0176,7.6042,-29.5768
21,48,-113.6319,0.0000,-32.0861
21,49,-110.3283,-7.2313,-34.1284
21,50,-106.2670,-13.9903,-35.6727
21,51,-101.6157,-20.2126,-36.7136
21,52,-96.5375,-25.8671,-37.2683
21,53,-91.1814,-30.9519,-37.3716
21,54,-85.6752,-35.4878,-37.0698
21,55,-80.1223,-39.5119,-36.4155
21,56,-74.6001,-43.0704,-35.4625
21,57,-69.1624,-46.2128,-34.2618
21,58,-63.8418,-48.9876,-32.8591
21,59,-58.6549,-51.4389,-31.2938
21,60,-53.6058,-53.6058,-29.5990
21,61,-48.6911,-55.5215,-27.8020
21,62,-43.9027,-57.2151,-25.9260
21,63,-39.2303,-58.7124,-23.9910
21,64,-34.6627,-60.0376,-22.0151
21,65,-30.1878,-61.2148,-20.0155
21,66,-25.7925,-62.2686,-18.0088
21,67,-21.4619,-63.2248,-16.0112
21,68,-17.1784,-64.1105,-14.0382
21,69,-12.9202,-64.9543,-12.1041
21,70,-8.6607,-65.7847,-10.2219
21,71,-4.3671,-66.6295,-8.4029
21,72,-0.0000,-67.5125,-6.6567
21,73,4.4865,-68.4510,-4.9924
21,74,9.1435,-69.4517,-3.4195
21,75,14.0247,-70.5069,-1.9493
21,76,19.1829,-71.5916,-0.5971
21,77,24.6651,-72.6610,0.6161
21,78,30.5072,-73.6510,1.6619
21,79,36.7291,-74.4792,2.5039
21,80,43.3293,-75.0485,3.0979
21,81,50.2814,-75.2514,3.3936
21,82,57.5308,-74.9756,3.3381
21,83,64.9930,-74.1103,2.8802
21,84,72.5534,-72.5534,1.9765
21,85,80.0685,-70.2182,0.5978
21,86,87.3702,-67.0415,-1.2655
21,87,94.2726,-62.9910,-3.5983
21,88,100.5820,-58.0710,-6.3584
21,89,106.1089,-52.3271,-9.4766
21,90,110.6821,-45.8460,-12.8590
21,91,114.1625,-38.7529,-16.3929
21,92,116.4540,-31.2038,-19.9542
21,93,117.5121,-23.3746,-23.4163
21,94,117.3463,-15.4489,-26.6589
21,95,116.0176,-7.6042,-29.5768
22,0,114.0211,0.0000,-29.9105
22,1,110.8141,7.2631,-32.1233
22,2,106.7997,14.0605,-33.8447
22,3,102.1484,20.3186,-35.0602
22,4,97.0296,25.9990,-35.7790
22,5,91.6014,31.0945,-36.0298
22,6,86.0021,35.6232,-35.8557
22,7,80.3454,39.6220,-35.3080
22,8,74.7185,43.1388,-34.4414
22,9,69.1827,46.2264,-33.3089
22,10,63.7763,48.9373,-31.9592
22,11,58.5191,51.3198,-30.4348
22,12,53.4165,53.4165,-28.7716
22,13,48.4647,55.2634,-26.9991
22,14,43.6539,56.8909,-25.1420
22,15,38.9716,58.3251,-23.2214
22,16,34.4039,59.5893,-21.2559
22,17,29.9367,60.7057,-19.2627
22,18,25.5554,61.6961,-17.2584
22,19,21.2442,62.5835,-15.2590
22,20,16.9858,63.3919,-13.2798
22,21,12.7596,64.1470,-11.3353
22,22,8.5410,64.8757,-9.4385
22,23,4.3000,65.6050,-7.6011
22,24,0.0000,66.3602,-5.8330
22,25,-4.4020,67.1620,-4.1434
22,26,-8.9554,68.0228,-2.5411
22,27,-13.7135,68.9423,-1.0368
22,28,-18.7308,69.9042,0.3561
22,29,-24.0581,70.8728,1.6187
22,30,-29.7372,71.7919,2.7255
22,31,-35.7951,72.5854,3.6428
22,32,-42.2388,73.1598,4.3288
22,33,-49.0502,73.4088,4.7346
22,34,-56.1826,73.2186,4.8073
22,35,-63.5588,72.4749,4.4939
22,36,-71.0701,71.0701,3.7474
22,37,-78.5780,68.9111,2.5326
22,38,-85.9176,65.9269,0.8328
22,39,-92.9042,62.0766,-1.3457
22,40,-99.3432,57.3558,-3.9695
22,41,-105.0410,51.8005,-6.9781
22,42,-109.8192,45.4886,-10.2854
22,43,-113.5283,38.5377,-13.7844
22,44,-116.0594,31.0980,-17.3542
22,45,-117.3534,23.3430,-20.8681
22,46,-117.4051,15.4567,-24.2030
22,47,-116.2625,7.6202,-27.2478
22,48,-114.0211,0.0000,-29.9105
22,49,-110.8141,-7.2631,-32.1233
22,50,-106.7997,-14.0605,-33.8447
22,51,-102.1484,-20.3186,-35.0602
22,52,-97.0296,-25.9990,-35.7790
22,53,-91.6014,-31.0945,-36.0298
22,54,-86.0021,-35.6232,-35.8557
22,55,-80.3454,-39.6220,-35.3080
22,56,-74.7185,-43.1388,-34.4414
22,57,-69.1827,-46.2264,-33.3089
22,58,-63.7763,-48.9373,-31.9592
22,59,-58.5191,-51.3198,-30.4348
22,60,-53.4165,-53.4165,-28.7716
22,61,-48.4647,-55.2634,-26.9991
22,62,-43.6539,-56.8909,-25.1420
22,63,-38.9716,-58.3251,-23.2214
22,64,-34.4039,-59.5893,-21.2559
22,65,-29.9367,-60.7057,-19.2627
22,66,-25.5554,-61.6961,-17.2584
22,67,-21.2442,-62.5835,-15.2590
22,68,-16.9858,-63.3919,-13.2798
22,69,-12.7596,-64.1470,-11.3353
22,70,-8.5410,-64.8757,-9.4385
22,71,-4.3000,-65.6050,-7.6011
22,72,-0.0000,-66.3602,-5.8330
22,73,4.4020,-67.1620,-4.1434
22,74,8.9554,-68.0228,-2.5411
22,75,13.7135,-68.9423,-1.0368
22,76,18.7308,-69.9042,0.3561
22,77,24.0581,-70.8728,1.6187
22,78,29.7372,-71.7919,2.7255
22,79,35.7951,-72.5854,3.6428
22,80,42.2388,-73.1598,4.3288
22,81,49.0502,-73.4088,4.7346
22,82,56.1826,-73.2186,4.8073
22,83,63.5588,-72.4749,4.4939
22,84,71.0701,-71.0701,3.7474
22,85,78.5780,-68.9111,2.5326
22,86,85.9176,-65.9269,0.8328
22,87,92.9042,-62.0766,-1.3457
22,88,99.3432,-57.3558,-3.9695
22,89,105.0410,-51.8005,-6.9781
22,90,109.8192,-45.4886,-10.2854
22,91,113.5283,-38.5377,-13.7844
22,92,116.0594,-31.0980,-17.3542
22,93,117.3534,-23.3430,-20.8681
22,94,117.4051,-15.4567,-24.2030
22,95,116.2625,-7.6202,-27.2478
23,0,114.5188,0.0000,-27.4749
23,1,111.4472,7.3046,-29.8625
23,2,107.5143,14.1545,-31.7732
23,3,102.8909,20.4663,-33.1817
23,4,97.7513,26.1924,-34.0874
23,5,92.2623,31.3188,-34.5113
23,6,86.5727,35.8596,-34.4913
23,7,80.8079,39.8500,-34.0760
23,8,75.0659,43.3393,-33.3196
23,9,69.4175,46.3833,-32.2767
23,10,63.9083,49.0385,-30.9986
23,11,58.5626,51.3580,-29.5311
23,12,53.3884,53.3884,-27.9132
23,13,48.3819,55.1690,-26.1773
23,14,43.5324,56.7325,-24.3500
23,15,38.8251,58.1059,-22.4536
23,16,34.2438,59.3120,-20.5074
23,17,29.7719,60.3715,-18.5288
23,18,25.3930,61.3041,-16.5340
23,19,21.0902,62.1297,-14.5388
23,20,16.8457,62.8692,-12.5582
23,21,12.6399,63.5452,-10.6066
23,22,8.4497,64.1821,-8.6971
23,23,4.2476,64.8052,-6.8416
23,24,0.0000,65.4398,-5.0507
23,25,-4.3330,66.1084,-3.3336
23,26,-8.7980,66.8277,-1.6995
23,27,-13.4473,67.6040,-0.1584
23,28,-18.3355,68.4290,1.2775
23,29,-23.5161,69.2762,2.5912
23,30,-29.0357,70.0985,3.7599
23,31,-34.9282,70.8275,4.7527
23,32,-41.2086,71.3754,5.5307
23,33,-47.8676,71.6389,6.0473
23,34,-54.8675,71.5047,6.2503
23,35,-62.1394,70.8564,6.0864
23,36,-69.5820,69.5820,5.5055
23,37,-77.0629,67.5824,4.4679
23,38,-84.4222,64.7794,2.9498
23,39,-91.4782,61.1238,0.9493
23,40,-98.0365,56.6014,-1.5103
23,41,-103.9012,51.2384,-4.3780
23,42,-108.8882,45.1030,-7.5772
23,43,-112.8382,38.3034,-11.0084
23,44,-115.6296,30.9829,-14.5559
23,45,-117.1881,23.3102,-18.0955
23,46,-117.4924,15.4682,-21.5030
23,47,-116.5751,7.6407,-24.6626
23,48,-114.5188,0.0000,-27.4749
23,49,-111.4472,-7.3046,-29.8625
23,50,-107.5143,-14.1545,-31.7732
23,51,-102.8909,-20.4663,-33.1817
23,52,-97.7513,-26.1924,-34.0874
23,53,-92.2623,-31.3188,-34.5113
23,54,-86.5727,-35.8596,-34.4913
23,55,-80.8079,-39.8500,-34.0760
23,56,-75.0659,-43.3393,-33.3196
23,57,-69.4175,-46.3833,-32.2767
23,58,-63.9083,-49.0385,-30.9986
23,59,-58.5626,-51.3580,-29.5311
23,60,-53.3884,-53.3884,-27.9132
23,61,-48.3819,-55.1690,-26.1773
23,62,-43.5324,-56.7325,-24.3500
23,63,-38.8251,-58.1059,-22.4536
23,64,-34.2438,-59.3120,-20.5074
23,65,-29.7719,-60.3715,-18.5288
23,66,-25.3930,-61.3041,-16.5340
23,67,-21.0902,-62.1297,-14.5388
23,68,-16.8457,-62.8692,-12.5582
23,69,-12.6399,-63.5452,-10.6066
23,70,-8.4497,-64.1821,-8.6971
23,71,-4.2476,-64.8052,-6.8416
23,72,-0.0000,-65.4398,-5.0507
23,73,4.3330,-66.1084,-3.3336
23,74,8.7980,-66.8277,-1.6995
23,75,13.4473,-67.6040,-0.1584
23,76,18.3355,-68.4290,1.2775
23,77,23.5161,-69.2762,2.5912
23,78,29.0357,-70.0985,3.7599
23,79,34.9282,-70.8275,4.7527
23,80,41.2086,-71.3754,5.5307
23,81,47.8676,-71.6389,6.0473
23,82,54.8675,-71.5047,6.2503
23,83,62.1394,-70.8564,6.0864
23,84,69.5820,-69.5820,5.5055
23,85,77.0629,-67.5824,4.4679
23,86,84.4222,-64.7794,2.9498
23,87,91.4782,-61.1238,0.9493
23,88,98.0365,-56.6014,-1.5103
23,89,103.9012,-51.2384,-4.3780
23,90,108.8882,-45.1030,-7.5772
23,91,112.8382,-38.3034,-11.0084
23,92,115.6296,-30.9829,-14.5559
23,93,117.1881,-23.3102,-18.0955
23,94,117.4924,-15.4682,-21.5030
23,95,116.5751,-7.6407,-24.6626
24,0,115.0783,0.0000,-24.8206
24,1,112.1792,7.3526,-27.3819
24,2,108.3622,14.2662,-29.4883
24,3,103.7962,20.6463,-31.1026
24,4,98.6587,26.4355,-32.2134
24,5,93.1237,31.6112,-32.8323
24,6,87.3507,36.1819,-32.9902
24,7,81.4770,40.1800,-32.7312
24,8,75.6128,43.6551,-32.1080
24,9,69.8399,46.6655,-31.1758
24,10,64.2126,49.2721,-29.9880
24,11,58.7616,51.5325,-28.5935
24,12,53.4985,53.4985,-27.0348
24,13,48.4208,55.2134,-25.3473
24,14,43.5173,56.7128,-23.5600
24,15,38.7713,58.0253,-21.6970
24,16,34.1641,59.1740,-19.7784
24,17,29.6769,60.1787,-17.8218
24,18,25.2907,61.0572,-15.8432
24,19,20.9873,61.8267,-13.8581
24,20,16.7482,62.5052,-11.8809
24,21,12.5537,63.1119,-9.9258
24,22,8.3821,63.6681,-8.0059
24,23,4.2077,64.1968,-6.1334
24,24,0.0000,64.7217,-4.3193
24,25,-4.2778,65.2659,-2.5736
24,26,-8.6691,65.8486,-0.9055
24,27,-13.2239,66.4812,0.6749
24,28,-17.9962,67.1626,2.1561
24,29,-23.0404,67.8750,3.5229
24,30,-28.4070,68.5805,4.7546
24,31,-34.1354,69.2198,5.8235
24,32,-40.2485,69.7124,6.6934
24,33,-46.7459,69.9601,7.3206
24,34,-53.5994,69.8521,7.6547
24,35,-60.7494,69.2714,7.6425
24,36,-68.1034,68.1034,7.2326
24,37,-75.5367,66.2439,6.3811
24,38,-82.8955,63.6080,5.0581
24,39,-90.0028,60.1379,3.2534
24,40,-96.6661,55.8102,0.9806
24,41,-102.6888,50.6405,-1.7200
24,42,-107.8819,44.6861,-4.7821
24,43,-112.0777,38.0453,-8.1155
24,44,-115.1425,30.8523,-11.6118
24,45,-116.9865,23.2701,-15.1507
24,46,-117.5716,15.4786,-18.6088
24,47,-116.9131,7.6629,-21.8674
24,48,-115.0783,0.0000,-24.8206
24,49,-112.1792,-7.3526,-27.3819
24,50,-108.3622,-14.2662,-29.4883
24,51,-103.7962,-20.6463,-31.1026
24,52,-98.6587,-26.4355,-32.2134
24,53,-93.1237,-31.6112,-32.8323
24,54,-87.3507,-36.1819,-32.9902
24,55,-81.4770,-40.1800,-32.7312
24,56,-75.6128,-43.6551,-32.1080
24,57,-69.8399,-46.6655,-31.1758
24,58,-64.2126,-49.2721,-29.9880
24,59,-58.7616,-51.5325,-28.5935
24,60,-53.4985,-53.4985,-27.0348
24,61,-48.4208,-55.2134,-25.3473
24,62,-43.5173,-56.7128,-23.5600
24,63,-38.7713,-58.0253,-21.6970
24,64,-34.1641,-59.1740,-19.7784
24,65,-29.6769,-60.1787,-17.8218
24,66,-25.2907,-61.0572,-15.8432
24,67,-20.9873,-61.8267,-13.8581
24,68,-16.7482,-62.5052,-11.8809
24,69,-12.5537,-63.1119,-9.9258
24,70,-8.3821,-63.6681,-8.0059
24,71,-4.2077,-64.1968,-6.1334
24,72,-0.0000,-64.7217,-4.3193
24,73,4.2778,-65.2659,-2.5736
24,74,8.6691,-65.8486,-0.9055
24,75,13.2239,-66.4812,0.6749
24,76,17.9962,-67.1626,2.1561
24,77,23.0404,-67.8750,3.5229
24,78,28.4070,-68.5805,4.7546
24,79,34.1354,-69.2198,5.8235
24,80,40.2485,-69.7124,6.6934
24,81,46.7459,-69.9601,7.3206
24,82,53.5994,-69.8521,7.6547
24,83,60.7494,-69.2714,7.6425
24,84,68.1034,-68.1034,7.2326
24,85,75.5367,-66.2439,6.3811
24,86,82.8955,-63.6080,5.0581
24,87,90.0028,-60.1379,3.2534
24,88,96.6661,-55.8102,0.9806
24,89,102.6888,-50.6405,-1.7200
24,90,107.8819,-44.6861,-4.7821
24,91,112.0777,-38.0453,-8.1155
24,92,115.1425,-30.8523,-11.6118
24,93,116.9865,-23.2701,-15.1507
24,94,117.5716,-15.4786,-18.6088
24,95,116.9131,-7.6629,-21.8674
25,0,115.6572,0.0000,-21.9894
25,1,112.9642,7.4041,-24.7181
25,2,109.2966,14.3892,-27.0204
25,3,104.8185,20.8497,-28.8475
25,4,99.7085,26.7168,-30.1760
25,5,94.1462,31.9583,-31.0070
25,6,88.3009,36.5754,-31.3627
25,7,82.3218,40.5966,-31.2815
25,8,76.3321,44.0703,-30.8129
25,9,70.4257,47.0569,-30.0114
25,10,64.6674,49.6210,-28.9322
25,11,59.0958,51.8257,-27.6268
25,12,53.7277,53.7277,-26.1410
25,13,48.5631,55.3756,-24.5135
25,14,43.5909,56.8088,-22.7762
25,15,38.7933,58.0582,-20.9552
25,16,34.1492,59.1481,-19.0717
25,17,29.6370,60.0979,-17.1439
25,18,25.2356,60.9240,-15.1878
25,19,20.9245,61.6415,-13.2182
25,20,16.6839,62.2653,-11.2493
25,21,12.4940,62.8117,-9.2946
25,22,8.3334,63.2983,-7.3673
25,23,4.1781,63.7449,-5.4796
25,24,0.0000,64.1733,-3.6432
25,25,-4.2345,64.6054,-1.8684
25,26,-8.5655,65.0614,-0.1653
25,27,-13.0399,65.5559,1.4561
25,28,-17.7097,66.0936,2.9846
25,29,-22.6295,66.6644,4.4063
25,30,-27.8516,67.2397,5.7024
25,31,-33.4203,67.7696,6.8478
25,32,-39.3651,68.1823,7.8096
25,33,-45.6944,68.3865,8.5469
25,34,-52.3898,68.2757,9.0118
25,35,-59.4019,67.7348,9.1520
25,36,-66.6480,66.6480,8.9154
25,37,-74.0126,64.9073,8.2551
25,38,-81.3497,62.4218,7.1360
25,39,-88.4881,59.1259,5.5398
25,40,-95.2390,54.9863,3.4708
25,41,-101.4062,50.0080,0.9582
25,42,-106.7973,44.2369,-1.9427
25,43,-111.2375,37.7601,-5.1522
25,44,-114.5815,30.7020,-8.5705
25,45,-116.7246,23.2180,-12.0831
25,46,-117.6113,15.4838,-15.5690
25,47,-117.2388,7.6842,-18.9081
25,48,-115.6572,0.0000,-21.9894
25,49,-112.9642,-7.4041,-24.7181
25,50,-109.2966,-14.3892,-27.0204
25,51,-104.8185,-20.8497,-28.8475
25,52,-99.7085,-26.7168,-30.1760
25,53,-94.1462,-31.9583,-31.0070
25,54,-88.3009,-36.5754,-31.3627
25,55,-82.3218,-40.5966,-31.2815
25,56,-76.3321,-44.0703,-30.8129
25,57,-70.4257,-47.0569,-30.0114
25,58,-64.6674,-49.6210,-28.9322
25,59,-59.0958,-51.8257,-27.6268
25,60,-53.7277,-53.7277,-26.1410
25,61,-48.5631,-55.3756,-24.5135
25,62,-43.5909,-56.8088,-22.7762
25,63,-38.7933,-58.0582,-20.9552
25,64,-34.1492,-59.1481,-19.0717
25,65,-29.6370,-60.0979,-17.1439
25,66,-25.2356,-60.9240,-15.1878
25,67,-20.9245,-61.6415,-13.2182
25,68,-16.6839,-62.2653,-11.2493
25,69,-12.4940,-62.8117,-9.2946
25,70,-8.3334,-63.2983,-7.3673
25,71,-4.1781,-63.7449,-5.4796
25,72,-0.0000,-64.1733,-3.6432
25,73,4.2345,-64.6054,-1.8684
25,74,8.5655,-65.0614,-0.1653
25,75,13.0399,-65.5559,1.4561
25,76,17.7097,-66.0936,2.9846
25,77,22.6295,-66.6644,4.4063
25,78,27.8516,-67.2397,5.7024
25,79,33.4203,-67.7696,6.8478
25,80,39.3651,-68.1823,7.8096
25,81,45.6944,-68.3865,8.5469
25,82,52.3898,-68.2757,9.0118
25,83,59.4019,-67.7348,9.1520
25,84,66.6480,-66.6480,8.9154
25,85,74.0126,-64.9073,8.2551
25,86,81.3497,-62.4218,7.1360
25,87,88.4881,-59.1259,5.5398
25,88,95.2390,-54.9863,3.4708
25,89,101.4062,-50.0080,0.9582
25,90,106.7973,-44.2369,-1.9427
25,91,111.2375,-37.7601,-5.1522
25,92,114.5815,-30.7020,-8.5705
25,93,116.7246,-23.2180,-12.0831
25,94,117.6113,-15.4838,-15.5690
25,95,117.2388,-7.6842,-18.9081
26,0,116.2187,0.0000,-19.0216
26,1,113.7620,7.4564,-21.9066
26,2,110.2753,14.5180,-24.3998
26,3,105.9159,21.0680,-26.4405
26,4,100.8606,27.0255,-27.9933
26,5,95.2930,32.3476,-29.0479
26,6,89.3907,37.0268,-29.6168
26,7,83.3143,41.0861,-29.7312
26,8,77.2000,44.5714,-29.4360
26,9,71.1548,47.5441,-28.7841
26,10,65.2555,50.0723,-27.8309
26,11,59.5500,52.2240,-26.6302
26,12,54.0620,54.0620,-25.2308
26,13,48.7955,55.6406,-23.6748
26,14,43.7405,57.0038,-21.9972
26,15,38.8787,58.1860,-20.2263
26,16,34.1870,59.2136,-18.3851
26,17,29.6411,60.1063,-16.4924
26,18,25.2172,60.8797,-14.5643
26,19,20.8924,61.5470,-12.6155
26,20,16.6452,62.1207,-10.6594
26,21,12.4547,62.6138,-8.7093
26,22,8.2994,63.0405,-6.7780
26,23,4.1566,63.4172,-4.8780
26,24,0.0000,63.7626,-3.0210
26,25,-4.2011,64.0965,-1.2182
26,26,-8.4835,64.4385,0.5199
26,27,-12.8905,64.8049,2.1829
26,28,-17.4714,65.2043,3.7599
26,29,-22.2794,65.6331,5.2376
26,30,-27.3676,66.0711,6.5991
26,31,-32.7832,66.4777,7.8216
26,32,-38.5617,66.7908,8.8751
26,33,-44.7195,66.9275,9.7217
26,34,-51.2479,66.7875,10.3162
26,35,-58.1081,66.2595,10.6080
26,36,-65.2284,65.2284,10.5449
26,37,-72.5038,63.5841,10.0780
26,38,-79.7974,61.2307,9.1674
26,39,-86.9455,58.0951,7.7879
26,40,-93.7642,54.1348,5.9344
26,41,-100.0590,49.3436,3.6255
26,42,-105.6357,43.7557,0.9048
26,43,-110.3133,37.4463,-2.1590
26,44,-113.9359,30.5290,-5.4757
26,45,-116.3848,23.1504,-8.9381
26,46,-117.5869,15.4806,-12.4289
26,47,-117.5209,7.7027,-15.8283
26,48,-116.2187,0.0000,-19.0216
26,49,-113.7620,-7.4564,-21.9066
26,50,-110.2753,-14.5180,-24.3998
26,51,-105.9159,-21.0680,-26.4405
26,52,-100.8606,-27.0255,-27.9933
26,53,-95.2930,-32.3476,-29.0479
26,54,-89.3907,-37.0268,-29.6168
26,55,-83.3143,-41.0861,-29.7312
26,56,-77.2000,-44.5714,-29.4360
26,57,-71.1548,-47.5441,-28.7841
26,58,-65.2555,-50.0723,-27.8309
26,59,-59.5500,-52.2240,-26.6302
26,60,-54.0620,-54.0620,-25.2308
26,61,-48.7955,-55.6406,-23.6748
26,62,-43.7405,-57.0038,-21.9972
26,63,-38.8787,-58.1860,-20.2263
26,64,-34.1870,-59.2136,-18.3851
26,65,-29.6411,-60.1063,-16.4924
26,66,-25.2172,-60.8797,-14.5643
26,67,-20.8924,-61.5470,-12.6155
26,68,-16.6452,-62.1207,-10.6594
26,69,-12.4547,-62.6138,-8.7093
26,70,-8.2994,-63.0405,-6.7780
26,71,-4.1566,-63.4172,-4.8780
26,72,-0.0000,-63.7626,-3.0210
26,73,4.2011,-64.0965,-1.2182
26,74,8.4835,-64.4385,0.5199
26,75,12.8905,-64.8049,2.1829
26,76,17.4714,-65.2043,3.7599
26,77,22.2794,-65.6331,5.2376
26,78,27.3676,-66.0711,6.5991
26,79,32.7832,-66.4777,7.8216
26,80,38.5617,-66.7908,8.8751
26,81,44.7195,-66.9275,9.7217
26,82,51.2479,-66.7875,10.3162
26,83,58.1081,-66.2595,10.6080
26,84,65.2284,-65.2284,10.5449
26,85,72.5038,-63.5841,10.0780
26,86,79.7974,-61.2307,9.1674
26,87,86.9455,-58.0951,7.7879
26,88,93.7642,-54.1348,5.9344
26,89,100.0590,-49.3436,3.6255
26,90,105.6357,-43.7557,0.9048
26,91,110.3133,-37.4463,-2.1590
26,92,113.9359,-30.5290,-5.4757
26,93,116.3848,-23.1504,-8.9381
26,94,117.5869,-15.4806,-12.4289
26,95,117.5209,-7.7027,-15.8283
27,0,116.7334,0.0000,-15.9540
27,1,114.5386,7.5073,-18.9805
27,2,111.2620,14.6479,-21.6543
27,3,107.0512,21.2938,-23.9038
27,4,102.0793,27.3521,-25.6818
27,5,96.5314,32.7680,-26.9660
27,6,90.5915,37.5242,-27.7585
27,7,84.4304,41.6364,-28.0822
27,8,78.1970,45.1470,-27.9763
27,9,72.0118,48.1168,-27.4904
27,10,65.9645,50.6163,-26.6795
27,11,60.1142,52.7187,-25.5985
27,12,54.4928,54.4928,-24.2988
27,13,49.1099,55.9991,-22.8256
27,14,43.9583,57.2876,-21.2171
27,15,39.0198,58.3972,-19.5043
27,16,34.2698,59.3571,-17.7120
27,17,29.6816,60.1884,-15.8602
27,18,25.2283,60.9065,-13.9655
27,19,20.8844,61.5234,-12.0423
27,20,16.6260,62.0492,-10.1037
27,21,12.4308,62.4939,-8.1624
27,22,8.2768,62.8685,-6.2311
27,23,4.1414,63.1856,-4.3220
27,24,0.0000,63.4604,-2.4473
27,25,-4.1758,63.7100,-0.6186
27,26,-8.4194,63.9520,1.1532
27,27,-12.7707,64.2029,2.8573
27,28,-17.2756,64.4734,4.4827
27,29,-21.9847,64.7649,6.0169
27,30,-26.9505,65.0642,7.4441
27,31,-32.2220,65.3397,8.7436
27,32,-37.8390,65.5390,9.8882
27,33,-43.8249,65.5886,10.8428
27,34,-50.1803,65.3963,11.5651
27,35,-56.8775,64.8563,12.0065
27,36,-63.8563,63.8563,12.1154
27,37,-71.0232,62.2856,11.8414
27,38,-78.2519,60.0448,11.1407
27,39,-85.3876,57.0542,9.9819
27,40,-92.2526,53.2621,8.3513
27,41,-98.6556,48.6516,6.2567
27,42,-104.4019,43.2447,3.7307
27,43,-109.3052,37.1041,0.8302
27,44,-113.2006,30.3320,-2.3647
27,45,-115.9555,23.0650,-5.7550
27,46,-117.4805,15.4666,-9.2287
27,47,-117.7355,7.7168,-12.6674
27,48,-116.7334,0.0000,-15.9540
27,49,-114.5386,-7.5073,-18.9805
27,50,-111.2620,-14.6479,-21.6543
27,51,-107.0512,-21.2938,-23.9038
27,52,-102.0793,-27.3521,-25.6818
27,53,-96.5314,-32.7680,-26.9660
27,54,-90.5915,-37.5242,-27.7585
27,55,-84.4304,-41.6364,-28.0822
27,56,-78.1970,-45.1470,-27.9763
27,57,-72.0118,-48.1168,-27.4904
27,58,-65.9645,-50.6163,-26.6795
27,59,-60.1142,-52.7187,-25.5985
27,60,-54.4928,-54.4928,-24.2988
27,61,-49.1099,-55.9991,-22.8256
27,62,-43.9583,-57.2876,-21.2171
27,63,-39.0198,-58.3972,-19.5043
27,64,-34.2698,-59.3571,-17.7120
27,65,-29.6816,-60.1884,-15.8602
27,66,-25.2283,-60.9065,-13.9655
27,67,-20.8844,-61.5234,-12.0423
27,68,-16.6260,-62.0492,-10.1037
27,69,-12.4308,-62.4939,-8.1624
27,70,-8.2768,-62.8685,-6.2311
27,71,-4.1414,-63.1856,-4.3220
27,72,-0.0000,-63.4604,-2.4473
27,73,4.1758,-63.7100,-0.6186
27,74,8.4194,-63.9520,1.1532
27,75,12.7707,-64.2029,2.8573
27,76,17.2756,-64.4734,4.4827
27,77,21.9847,-64.7649,6.0169
27,78,26.9505,-65.0642,7.4441
27,79,32.2220,-65.3397,8.7436
27,80,37.8390,-65.5390,9.8882
27,81,43.8249,-65.5886,10.8428
27,82,50.1803,-65.3963,11.5651
27,83,56.8775,-64.8563,12.0065
27,84,63.8563,-63.8563,12.1154
27,85,71.0232,-62.2856,11.8414
27,86,78.2519,-60.0448,11.1407
27,87,85.3876,-57.0542,9.9819
27,88,92.2526,-53.2621,8.3513
27,89,98.6556,-48.6516,6.2567
27,90,104.4019,-43.2447,3.7307
27,91,109.3052,-37.1041,0.8302
27,92,113.2006,-30.3320,-2.3647
27,93,115.9555,-23.0650,-5.7550
27,94,117.4805,-15.4666,-9.2287
27,95,117.7355,-7.7168,-12.6674
28,0,117.1786,0.0000,-12.8182
28,1,115.2674,7.5550,-15.9683
28,2,112.2268,14.7749,-18.8085
28,3,108.1935,21.5210,-21.2572
28,4,103.3342,27.6883,-23.2557
28,5,97.8331,33.2099,-24.7703
28,6,91.8783,38.0572,-25.7920
28,7,85.6494,42.2376,-26.3346
28,8,79.3070,45.7879,-26.4304
28,9,72.9849,48.7670,-26.1248
28,10,66.7863,51.2470,-25.4707
28,11,60.7828,53.3051,-24.5235
28,12,55.0162,55.0162,-23.3363
28,13,49.5035,56.4479,-21.9571
28,14,44.2415,57.6566,-20.4272
28,15,39.2134,58.6870,-18.7803
28,16,34.3941,59.5724,-17.0436
28,17,29.7545,60.3362,-15.2384
28,18,25.2647,60.9944,-13.3820
28,19,20.8962,61.5583,-11.4890
28,20,16.6225,62.0359,-9.5722
28,21,12.4190,62.4347,-7.6442
28,22,8.2628,62.7623,-5.7169
28,23,4.1311,63.0278,-3.8028
28,24,0.0000,63.2425,-1.9139
28,25,-4.1568,63.4202,-0.0622
28,26,-8.3699,63.5760,1.7409
28,27,-12.6757,63.7248,3.4843
28,28,-17.1161,63.8783,5.1571
28,29,-21.7390,64.0409,6.7469
28,30,-26.5946,64.2050,8.2392
28,31,-31.7325,64.3471,9.6150
28,32,-37.1952,64.4239,10.8494
28,33,-43.0120,64.3720,11.9102
28,34,-49.1920,64.1083,12.7578
28,35,-55.7181,63.5343,13.3457
28,36,-62.5422,62.5422,13.6235
28,37,-69.5832,61.0229,13.5397
28,38,-76.7267,58.8745,13.0477
28,39,-83.8279,56.0120,12.1104
28,40,-90.7169,52.3754,10.7061
28,41,-97.2069,47.9371,8.8327
28,42,-103.1037,42.7070,6.5116
28,43,-108.2175,36.7349,3.7884
28,44,-112.3749,30.1108,0.7323
28,45,-115.4311,22.9607,-2.5665
28,46,-117.2806,15.4403,-6.0020
28,47,-117.8651,7.7253,-9.4586
28,48,-117.1786,0.0000,-12.8182
28,49,-115.2674,-7.5550,-15.9683
28,50,-112.2268,-14.7749,-18.8085
28,51,-108.1935,-21.5210,-21.2572
28,52,-103.3342,-27.6883,-23.2557
28,53,-97.8331,-33.2099,-24.7703
28,54,-91.8783,-38.0572,-25.7920
28,55,-85.6494,-42.2376,-26.3346
28,56,-79.3070,-45.7879,-26.4304
28,57,-72.9849,-48.7670,-26.1248
28,58,-66.7863,-51.2470,-25.4707
28,59,-60.7828,-53.3051,-24.5235
28,60,-55.0162,-55.0162,-23.3363
28,61,-49.5035,-56.4479,-21.9571
28,62,-44.2415,-57.6566,-20.4272
28,63,-39.2134,-58.6870,-18.7803
28,64,-34.3941,-59.5724,-17.0436
28,65,-29.7545,-60.3362,-15.2384
28,66,-25.2647,-60.9944,-13.3820
28,67,-20.8962,-61.5583,-11.4890
28,68,-16.6225,-62.0359,-9.5722
28,69,-12.4190,-62.4347,-7.6442
28,70,-8.2628,-62.7623,-5.7169
28,71,-4.1311,-63.0278,-3.8028
28,72,-0.0000,-63.2425,-1.9139
28,73,4.1568,-63.4202,-0.0622
28,74,8.3699,-63.5760,1.7409
28,75,12.6757,-63.7248,3.4843
28,76,17.1161,-63.8783,5.1571
28,77,21.7390,-64.0409,6.7469
28,78,26.5946,-64.2050,8.2392
28,79,31.7325,-64.3471,9.6150
28,80,37.1952,-64.4239,10.8494
28,81,43.0120,-64.3720,11.9102
28,82,49.1920,-64.1083,12.7578
28,83,55.7181,-63.5343,13.3457
28,84,62.5422,-62.5422,13.6235
28,85,69.5832,-61.0229,13.5397
28,86,76.7267,-58.8745,13.0477
28,87,83.8279,-56.0120,12.1104
28,88,90.7169,-52.3754,10.7061
28,89,97.2069,-47.9371,8.8327
28,90,103.1037,-42.7070,6.5116
28,91,108.2175,-36.7349,3.7884
28,92,112.3749,-30.1108,0.7323
28,93,115.4311,-22.9607,-2.5665
28,94,117.2806,-15.4403,-6.0020
28,95,117.8651,-7.7253,-9.4586
29,0,117.5383,0.0000,-9.6394
29,1,115.9278,7.5983,-12.8931
29,2,113.1464,14.8960,-15.8824
29,3,109.3175,21.7446,-18.5169
29,4,104.5997,28.0274,-20.7272
29,5,99.1738,33.6650,-22.4683
29,6,93.2298,38.6170,-23.7205
29,7,86.9538,42.8809,-24.4877
29,8,80.5166,46.4863,-24.7945
29,9,74.0650,49.4886,-24.6807
29,10,67.7157,51.9601,-24.1963
29,11,61.5535,53.9809,-23.3957
29,12,55.6319,55.6319,-22.3333
29,13,49.9768,56.9876,-21.0592
29,14,44.5908,58.1119,-19.6173
29,15,39.4601,59.0563,-18.0443
29,16,34.5597,59.8592,-16.3697
29,17,29.8588,60.5477,-14.6167
29,18,25.3248,61.1395,-12.8036
29,19,20.9258,61.6454,-10.9453
29,20,16.6322,62.0724,-9.0548
29,21,12.4171,62.4251,-7.1442
29,22,8.2557,62.7082,-5.2253
29,23,4.1245,62.9274,-3.3102
29,24,0.0000,63.0901,-1.4112
29,25,-4.1428,63.2064,0.4598
29,26,-8.3321,63.2882,2.2909
29,27,-12.6007,63.3482,4.0711
29,28,-16.9873,63.3976,5.7889
29,29,-21.5357,63.4421,7.4327
29,30,-26.2936,63.4783,8.9884
29,31,-31.3094,63.4892,10.4387
29,32,-36.6272,63.4402,11.7606
29,33,-42.2806,63.2774,12.9248
29,34,-48.2861,62.9277,13.8941
29,35,-54.6366,62.3011,14.6246
29,36,-61.2961,61.2961,15.0668
29,37,-68.1963,59.8066,15.1691
29,38,-75.2357,57.7304,14.8824
29,39,-82.2808,54.9783,14.1649
29,40,-89.1711,51.4829,12.9874
29,41,-95.7253,47.2065,11.3390
29,42,-101.7514,42.1468,9.2300
29,43,-107.0571,36.3410,6.6949
29,44,-111.4620,29.8662,3.7921
29,45,-114.8102,22.8372,0.6025
29,46,-116.9810,15.4008,-2.7749
29,47,-117.8987,7.7275,-6.2281
29,48,-117.5383,0.0000,-9.6394
29,49,-115.9278,-7.5983,-12.8931
29,50,-113.1464,-14.8960,-15.8824
29,51,-109.3175,-21.7446,-18.5169
29,52,-104.5997,-28.0274,-20.7272
29,53,-99.1738,-33.6650,-22.4683
29,54,-93.2298,-38.6170,-23.7205
29,55,-86.9538,-42.8809,-24.4877
29,56,-80.5166,-46.4863,-24.7945
29,57,-74.0650,-49.4886,-24.6807
29,58,-67.7157,-51.9601,-24.1963
29,59,-61.5535,-53.9809,-23.3957
29,60,-55.6319,-55.6319,-22.3333
29,61,-49.9768,-56.9876,-21.0592
29,62,-44.5908,-58.1119,-19.6173
29,63,-39.4601,-59.0563,-18.0443
29,64,-34.5597,-59.8592,-16.3697
29,65,-29.8588,-60.5477,-14.6167
29,66,-25.3248,-61.1395,-12.8036
29,67,-20.9258,-61.6454,-10.9453
29,68,-16.6322,-62.0724,-9.0548
29,69,-12.4171,-62.4251,-7.1442
29,70,-8.2557,-62.7082,-5.2253
29,71,-4.1245,-62.9274,-3.3102
29,72,-0.0000,-63.0901,-1.4112
29,73,4.1428,-63.2064,0.4598
29,74,8.3321,-63.2882,2.2909
29,75,12.6007,-63.3482,4.0711
29,76,16.9873,-63.3976,5.7889
29,77,21.5357,-63.4421,7.4327
29,78,26.2936,-63.4783,8.9884
29,79,31.3094,-63.4892,10.4387
29,80,36.6272,-63.4402,11.7606
29,81,42.2806,-63.2774,12.9248
29,82,48.2861,-62.9277,13.8941
29,83,54.6366,-62.3011,14.6246
29,84,61.2961,-61.2961,15.0668
29,85,68.1963,-59.8066,15.1691
29,86,75.2357,-57.7304,14.8824
29,87,82.2808,-54.9783,14.1649
29,88,89.1711,-51.4829,12.9874
29,89,95.7253,-47.2065,11.3390
29,90,101.7514,-42.1468,9.2300
29,91,107.0571,-36.3410,6.6949
29,92,111.4620,-29.8662,3.7921
29,93,114.8102,-22.8372,0.6025
29,94,116.9810,-15.4008,-2.7749
29,95,117.8987,-7.7275,-6.2281
30,0,117.8016,0.0000,-6.4361
30,1,116.5053,7.6362,-9.7720
30,2,114.0027,15.0087,-12.8910
30,3,110.4032,21.9606,-15.6951
30,4,105.8549,28.3637,-18.1053
30,5,100.5330,34.1264,-20.0659
30,6,94.6272,39.1959,-21.5463
30,7,88.3277,43.5584,-22.5407
30,8,81.8139,47.2353,-23.0648
30,9,75.2439,50.2764,-23.1521
30,10,68.7483,52.7524,-22.8485
30,11,62.4253,54.7455,-22.2064
30,12,56.3414,56.3414,-21.2803
30,13,50.5327,57.6215,-20.1218
30,14,45.0098,58.6579,-18.7773
30,15,39.7630,59.5096,-17.2863
30,16,34.7690,60.2217,-15.6806
30,17,29.9961,60.8260,-13.9856
30,18,25.4090,61.3429,-12.2207
30,19,20.9728,61.7840,-10.4017
30,20,16.6545,62.1553,-8.5417
30,21,12.4240,62.4595,-6.6528
30,22,8.2544,62.6982,-4.7466
30,23,4.1210,62.8736,-2.8349
30,24,0.0000,62.9897,-0.9299
30,25,-4.1327,63.0526,0.9563
30,26,-8.3034,63.0708,2.8118
30,27,-12.5422,63.0541,4.6252
30,28,-16.8840,63.0120,6.3851
30,29,-21.3688,62.9506,8.0800
30,30,-26.0411,62.8688,9.6964
30,31,-30.9471,62.7545,11.2183
30,32,-36.1310,62.5807,12.6247
30,33,-41.6292,62.3025,13.8884
30,34,-47.4643,61.8567,14.9750
30,35,-53.6383,61.1627,15.8427
30,36,-60.1266,60.1266,16.4437
30,37,-66.8742,58.6471,16.7265
30,38,-73.7927,56.6231,16.6402
30,39,-80.7613,53.9630,16.1387
30,40,-87.6299,50.5932,15.1869
30,41,-94.2247,46.4665,13.7648
30,42,-100.3569,41.5692,11.8730
30,43,-105.8333,35.9256,9.5348
30,44,-110.4680,29.5998,6.7979
30,45,-114.0948,22.6949,3.7337
30,46,-116.5796,15.3480,0.4336
30,47,-117.8296,7.7230,-2.9950
30,48,-117.8016,0.0000,-6.4361
30,49,-116.5053,-7.6362,-9.7720
30,50,-114.0027,-15.0087,-12.8910
30,51,-110.4032,-21.9606,-15.6951
30,52,-105.8549,-28.3637,-18.1053
30,53,-100.5330,-34.1264,-20.0659
30,54,-94.6272,-39.1959,-21.5463
30,55,-88.3277,-43.5584,-22.5407
30,56,-81.8139,-47.2353,-23.0648
30,57,-75.2439,-50.2764,-23.1521
30,58,-68.7483,-52.7524,-22.8485
30,59,-62.4253,-54.7455,-22.2064
30,60,-56.3414,-56.3414,-21.2803
30,61,-50.5327,-57.6215,-20.1218
30,62,-45.0098,-58.6579,-18.7773
30,63,-39.7630,-59.5096,-17.2863
30,64,-34.7690,-60.2217,-15.6806
30,65,-29.9961,-60.8260,-13.9856
30,66,-25.4090,-61.3429,-12.2207
30,67,-20.9728,-61.7840,-10.4017
30,68,-16.6545,-62.1553,-8.5417
30,69,-12.4240,-62.4595,-6.6528
30,70,-8.2544,-62.6982,-4.7466
30,71,-4.1210,-62.8736,-2.8349
30,72,-0.0000,-62.9897,-0.9299
30,73,4.1327,-63.0526,0.9563
30,74,8.3034,-63.0708,2.8118
30,75,12.5422,-63.0541,4.6252
30,76,16.8840,-63.0120,6.3851
30,77,21.3688,-62.9506,8.0800
30,78,26.0411,-62.8688,9.6964
30,79,30.9471,-62.7545,11.2183
30,80,36.1310,-62.5807,12.6247
30,81,41.6292,-62.3025,13.8884
30,82,47.4643,-61.8567,14.9750
30,83,53.6383,-61.1627,15.8427
30,84,60.1266,-60.1266,16.4437
30,85,66.8742,-58.6471,16.7265
30,86,73.7927,-56.6231,16.6402
30,87,80.7613,-53.9630,16.1387
30,88,87.6299,-50.5932,15.1869
30,89,94.2247,-46.4665,13.7648
30,90,100.3569,-41.5692,11.8730
30,91,105.8333,-35.9256,9.5348
30,92,110.4680,-29.5998,6.7979
30,93,114.0948,-22.6949,3.7337
30,94,116.5796,-15.3480,0.4336
30,95,117.8296,-7.7230,-2.9950
31,0,117.9619,0.0000,-3.2205
31,1,116.9897,7.6679,-6.6164
31,2,114.7826,15.1114,-9.8446
31,3,111.4348,22.1658,-12.8005
31,4,107.0825,28.6927,-15.3967
31,5,101.8933,34.5881,-17.5675
31,6,96.0538,39.7868,-19.2718
31,7,89.7563,44.2629,-20.4934
31,8,83.1868,48.0279,-21.2390
31,9,76.5135,51.1247,-21.5348
31,10,69.8795,53.6204,-21.4213
31,11,63.3972,55.5978,-20.9483
31,12,57.1462,57.1462,-20.1692
31,13,51.1749,58.3537,-19.1366
31,14,45.5028,59.3004,-17.8988
31,15,40.1266,60.0537,-16.4977
31,16,35.0259,60.6667,-14.9679
31,17,30.1692,61.1771,-13.3365
31,18,25.5194,61.6093,-11.6250
31,19,21.0383,61.9768,-9.8499
31,20,16.6894,62.2855,-8.0248
31,21,12.4393,62.5364,-6.1618
31,22,8.2583,62.7283,-4.2725
31,23,4.1201,62.8603,-2.3685
31,24,0.0000,62.9326,-0.4619
31,25,-4.1258,62.9477,1.4354
31,26,-8.2823,62.9105,3.3112
31,27,-12.4972,62.8275,5.1541
31,28,-16.8020,62.7059,6.9524
31,29,-21.2331,62.5508,8.6948
31,30,-25.8313,62.3622,10.3684
31,31,-30.6399,62.1315,11.9582
31,32,-35.7019,61.8375,13.4447
31,33,-41.0554,61.4437,14.8031
31,34,-46.7273,60.8961,16.0013
31,35,-52.7273,60.1239,17.0000
31,36,-59.0416,59.0416,17.7530
31,37,-65.6277,57.5540,18.2095
31,38,-72.4111,55.5630,18.3173
31,39,-79.2843,52.9761,18.0271
31,40,-86.1088,49.7149,17.2981
31,41,-92.7197,45.7243,16.1025
31,42,-98.9332,40.9795,14.4315
31,43,-104.5567,35.4922,12.2977
31,44,-109.4003,29.3137,9.7384
31,45,-113.2894,22.5347,6.8150
31,46,-116.0770,15.2818,3.6111
31,47,-117.6548,7.7115,0.2281
31,48,-117.9619,0.0000,-3.2205
31,49,-116.9897,-7.6679,-6.6164
31,50,-114.7826,-15.1114,-9.8446
31,51,-111.4348,-22.1658,-12.8005
31,52,-107.0825,-28.6927,-15.3967
31,53,-101.8933,-34.5881,-17.5675
31,54,-96.0538,-39.7868,-19.2718
31,55,-89.7563,-44.2629,-20.4934
31,56,-83.1868,-48.0279,-21.2390
31,57,-76.5135,-51.1247,-21.5348
31,58,-69.8795,-53.6204,-21.4213
31,59,-63.3972,-55.5978,-20.9483
31,60,-57.1462,-57.1462,-20.1692
31,61,-51.1749,-58.3537,-19.1366
31,62,-45.5028,-59.3004,-17.8988
31,63,-40.1266,-60.0537,-16.4977
31,64,-35.0259,-60.6667,-14.9679
31,65,-30.1692,-61.1771,-13.3365
31,66,-25.5194,-61.6093,-11.6250
31,67,-21.0383,-61.9768,-9.8499
31,68,-16.6894,-62.2855,-8.0248
31,69,-12.4393,-62.5364,-6.1618
31,70,-8.2583,-62.7283,-4.2725
31,71,-4.1201,-62.8603,-2.3685
31,72,-0.0000,-62.9326,-0.4619
31,73,4.1258,-62.9477,1.4354
31,74,8.2823,-62.9105,3.3112
31,75,12.4972,-62.8275,5.1541
31,76,16.8020,-62.7059,6.9524
31,77,21.2331,-62.5508,8.6948
31,78,25.8313,-62.3622,10.3684
31,79,30.6399,-62.1315,11.9582
31,80,35.7019,-61.8375,13.4447
31,81,41.0554,-61.4437,14.8031
31,82,46.7273,-60.8961,16.0013
31,83,52.7273,-60.1239,17.0000
31,84,59.0416,-59.0416,17.7530
31,85,65.6277,-57.5540,18.2095
31,86,72.4111,-55.5630,18.3173
31,87,79.2843,-52.9761,18.0271
31,88,86.1088,-49.7149,17.2981
31,89,92.7197,-45.7243,16.1025
31,90,98.9332,-40.9795,14.4315
31,91,104.5567,-35.4922,12.2977
31,92,109.4003,-29.3137,9.7384
31,93,113.2894,-22.5347,6.8150
31,94,116.0770,-15.2818,3.6111
31,95,117.6548,-7.7115,0.2281
32,0,118.0157,0.0000,-0.0000
32,1,117.3742,7.6931,-3.4335
32,2,115.4764,15.2028,-6.7497
32,3,112.4001,22.3578,-9.8390
32,4,108.2683,29.0104,-12.6063
32,5,103.2391,35.0450,-14.9769
32,6,97.4940,40.3833,-16.8992
32,7,91.2252,44.9873,-18.3466
32,8,84.6229,48.8571,-19.3164
32,9,77.8641,52.0271,-19.8265
32,10,71.1032,54.5594,-19.9113
32,11,64.4663,56.5354,-19.6168
32,12,58.0468,58.0468,-18.9945
32,13,51.9059,59.1874,-18.0973
32,14,46.0741,60.0450,-16.9750
32,15,40.5559,60.6961,-15.6717
32,16,35.3352,61.2024,-14.2244
32,17,30.3822,61.6091,-12.6626
32,18,25.6589,61.9460,-11.0095
32,19,21.1241,62.2297,-9.2829
32,20,16.7379,62.4669,-7.4970
32,21,12.4633,62.6575,-5.6642
32,22,8.2675,62.7982,-3.7961
32,23,4.1217,62.8848,-1.9041
32,24,0.0000,62.9141,-0.0000
32,25,-4.1217,62.8848,1.9041
32,26,-8.2675,62.7982,3.7961
32,27,-12.4633,62.6575,5.6642
32,28,-16.7379,62.4669,7.4970
32,29,-21.1241,62.2297,9.2829
32,30,-25.6589,61.9460,11.0095
32,31,-30.3822,61.6091,12.6626
32,32,-35.3352,61.2024,14.2244
32,33,-40.5559,60.6961,15.6717
32,34,-46.0741,60.0450,16.9750
32,35,-51.9059,59.1874,18.0973
32,36,-58.0468,58.0468,18.9945
32,37,-64.4663,56.5354,19.6168
32,38,-71.1032,54.5594,19.9113
32,39,-77.8641,52.0271,19.8265
32,40,-84.6229,48.8571,19.3164
32,41,-91.2252,44.9873,18.3466
32,42,-97.4940,40.3833,16.8992
32,43,-103.2391,35.0450,14.9769
32,44,-108.2683,29.0104,12.6063
32,45,-112.4001,22.3578,9.8390
32,46,-115.4764,15.2028,6.7497
32,47,-117.3742,7.6931,3.4335
32,48,-118.0157,0.0000,0.0000
32,49,-117.3742,-7.6931,-3.4335
32,50,-115.4764,-15.2028,-6.7497
32,51,-112.4001,-22.3578,-9.8390
32,52,-108.2683,-29.0104,-12.6063
32,53,-103.2391,-35.0450,-14.9769
32,54,-97.4940,-40.3833,-16.8992
32,55,-91.2252,-44.9873,-18.3466
32,56,-84.6229,-48.8571,-19.3164
32,57,-77.8641,-52.0271,-19.8265
32,58,-71.1032,-54.5594,-19.9113
32,59,-64.4663,-56.5354,-19.6168
32,60,-58.0468,-58.0468,-18.9945
32,61,-51.9059,-59.1874,-18.0973
32,62,-46.0741,-60.0450,-16.9750
32,63,-40.5559,-60.6961,-15.6717
32,64,-35.3352,-61.2024,-14.2244
32,65,-30.3822,-61.6091,-12.6626
32,66,-25.6589,-61.9460,-11.0095
32,67,-21.1241,-62.2297,-9.2829
32,68,-16.7379,-62.4669,-7.4970
32,69,-12.4633,-62.6575,-5.6642
32,70,-8.2675,-62.7982,-3.7961
32,71,-4.1217,-62.8848,-1.9041
32,72,-0.0000,-62.9141,-0.0000
32,73,4.1217,-62.8848,1.9041
32,74,8.2675,-62.7982,3.7961
32,75,12.4633,-62.6575,5.6642
32,76,16.7379,-62.4669,7.4970
32,77,21.1241,-62.2297,9.2829
32,78,25.6589,-61.9460,11.0095
32,79,30.3822,-61.6091,12.6626
32,80,35.3352,-61.2024,14.2244
32,81,40.5559,-60.6961,15.6717
32,82,46.0741,-60.0450,16.9750
32,83,51.9059,-59.1874,18.0973
32,84,58.0468,-58.0468,18.9945
32,85,64.4663,-56.5354,19.6168
32,86,71.1032,-54.5594,19.9113
32,87,77.8641,-52.0271,19.8265
32,88,84.6229,-48.8571,19.3164
32,89,91.2252,-44.9873,18.3466
32,90,97.4940,-40.3833,16.8992
32,91,103.2391,-35.0450,14.9769
32,92,108.2683,-29.0104,12.6063
32,93,112.4001,-22.3578,9.8390
32,94,115.4764,-15.2028,6.7497
32,95,117.3742,-7.6931,3.4335
33,0,117.9619,0.0000,3.2205
33,1,117.6548,7.7115,-0.2281
33,2,116.0770,15.2818,-3.6111
33,3,113.2894,22.5347,-6.8150
33,4,109.4003,29.3137,-9.7384
33,5,104.5567,35.4922,-12.2977
33,6,98.9332,40.9795,-14.4315
33,7,92.7197,45.7243,-16.1025
33,8,86.1088,49.7149,-17.2981
33,9,79.2843,52.9761,-18.0271
33,10,72.4111,55.5630,-18.3173
33,11,65.6277,57.5540,-18.2095
33,12,59.0416,59.0416,-17.7530
33,13,52.7273,60.1239,-17.0000
33,14,46.7273,60.8961,-16.0013
33,15,41.0554,61.4437,-14.8031
33,16,35.7019,61.8375,-13.4447
33,17,30.6399,62.1315,-11.9582
33,18,25.8313,62.3622,-10.3684
33,19,21.2331,62.5508,-8.6948
33,20,16.8020,62.7059,-6.9524
33,21,12.4972,62.8275,-5.1541
33,22,8.2823,62.9105,-3.3112
33,23,4.1258,62.9477,-1.4354
33,24,0.0000,62.9326,0.4619
33,25,-4.1201,62.8603,2.3685
33,26,-8.2583,62.7283,4.2725
33,27,-12.4393,62.5364,6.1618
33,28,-16.6894,62.2855,8.0248
33,29,-21.0383,61.9768,9.8499
33,30,-25.5194,61.6093,11.6250
33,31,-30.1692,61.1771,13.3365
33,32,-35.0259,60.6667,14.9679
33,33,-40.1266,60.0537,16.4977
33,34,-45.5028,59.3004,17.8988
33,35,-51.1749,58.3537,19.1366
33,36,-57.1462,57.1462,20.1692
33,37,-63.3972,55.5978,20.9483
33,38,-69.8795,53.6204,21.4213
33,39,-76.5135,51.1247,21.5348
33,40,-83.1868,48.0279,21.2390
33,41,-89.7563,44.2629,20.4934
33,42,-96.0538,39.7868,19.2718
33,43,-101.8933,34.5881,17.5675
33,44,-107.0825,28.6927,15.3967
33,45,-111.4348,22.1658,12.8005
33,46,-114.7826,15.1114,9.8446
33,47,-116.9897,7.6679,6.6164
33,48,-117.9619,0.0000,3.2205
33,49,-117.6548,-7.7115,-0.2281
33,50,-116.0770,-15.2818,-3.6111
33,51,-113.2894,-22.5347,-6.8150
33,52,-109.4003,-29.3137,-9.7384
33,53,-104.5567,-35.4922,-12.2977
33,54,-98.9332,-40.9795,-14.4315
33,55,-92.7197,-45.7243,-16.1025
33,56,-86.1088,-49.7149,-17.2981
33,57,-79.2843,-52.9761,-18.0271
33,58,-72.4111,-55.5630,-18.3173
33,59,-65.6277,-57.5540,-18.2095
33,60,-59.0416,-59.0416,-17.7530
33,61,-52.7273,-60.1239,-17.0000
33,62,-46.7273,-60.8961,-16.0013
33,63,-41.0554,-61.4437,-14.8031
33,64,-35.7019,-61.8375,-13.4447
33,65,-30.6399,-62.1315,-11.9582
33,66,-25.8313,-62.3622,-10.3684
33,67,-21.2331,-62.5508,-8.6948
33,68,-16.8020,-62.7059,-6.9524
33,69,-12.4972,-62.8275,-5.1541
33,70,-8.2823,-62.9105,-3.3112
33,71,-4.1258,-62.9477,-1.4354
33,72,-0.0000,-62.9326,0.4619
33,73,4.1201,-62.8603,2.3685
33,74,8.2583,-62.7283,4.2725
33,75,12.4393,-62.5364,6.1618
33,76,16.6894,-62.2855,8.0248
33,77,21.0383,-61.9768,9.8499
33,78,25.5194,-61.6093,11.6250
33,79,30.1692,-61.1771,13.3365
33,80,35.0259,-60.6667,14.9679
33,81,40.1266,-60.0537,16.4977
33,82,45.5028,-59.3004,17.8988
33,83,51.1749,-58.3537,19.1366
33,84,57.1462,-57.1462,20.1692
33,85,63.3972,-55.5978,20.9483
33,86,69.8795,-53.6204,21.4213
33,87,76.5135,-51.1247,21.5348
33,88,83.1868,-48.0279,21.2390
33,89,89.7563,-44.2629,20.4934
33,90,96.0538,-39.7868,19.2718
33,91,101.8933,-34.5881,17.5675
33,92,107.0825,-28.6927,15.3967
33,93,111.4348,-22.1658,12.8005
33,94,114.7826,-15.1114,9.8446
33,95,116.9897,-7.6679,6.6164
34,0,117.8016,0.0000,6.4361
34,1,117.8296,7.7230,2.9950
34,2,116.5796,15.3480,-0.4336
34,3,114.0948,22.6949,-3.7337
34,4,110.4680,29.5998,-6.7979
34,5,105.8333,35.9256,-9.5348
34,6,100.3569,41.5692,-11.8730
34,7,94.2247,46.4665,-13.7648
34,8,87.6299,50.5932,-15.1869
34,9,80.7613,53.9630,-16.1387
34,10,73.7927,56.6231,-16.6402
34,11,66.8742,58.6471,-16.7265
34,12,60.1266,60.1266,-16.4437
34,13,53.6383,61.1627,-15.8427
34,14,47.4643,61.8567,-14.9750
34,15,41.6292,62.3025,-13.8884
34,16,36.1310,62.5807,-12.6247
34,17,30.9471,62.7545,-11.2183
34,18,26.0411,62.8688,-9.6964
34,19,21.3688,62.9506,-8.0800
34,20,16.8840,63.0120,-6.3851
34,21,12.5422,63.0541,-4.6252
34,22,8.3034,63.0708,-2.8118
34,23,4.1327,63.0526,-0.9563
34,24,0.0000,62.9897,0.9299
34,25,-4.1210,62.8736,2.8349
34,26,-8.2544,62.6982,4.7466
34,27,-12.4240,62.4595,6.6528
34,28,-16.6545,62.1553,8.5417
34,29,-20.9728,61.7840,10.4017
34,30,-25.4090,61.3429,12.2207
34,31,-29.9961,60.8260,13.9856
34,32,-34.7690,60.2217,15.6806
34,33,-39.7630,59.5096,17.2863
34,34,-45.0098,58.6579,18.7773
34,35,-50.5327,57.6215,20.1218
34,36,-56.3414,56.3414,21.2803
34,37,-62.4253,54.7455,22.2064
34,38,-68.7483,52.7524,22.8485
34,39,-75.2439,50.2764,23.1521
34,40,-81.8139,47.2353,23.0648
34,41,-88.3277,43.5584,22.5407
34,42,-94.6272,39.1959,21.5463
34,43,-100.5330,34.1264,20.0659
34,44,-105.8549,28.3637,18.1053
34,45,-110.4032,21.9606,15.6951
34,46,-114.0027,15.0087,12.8910
34,47,-116.5053,7.6362,9.7720
34,48,-117.8016,0.0000,6.4361
34,49,-117.8296,-7.7230,2.9950
34,50,-116.5796,-15.3480,-0.4336
34,51,-114.0948,-22.6949,-3.7337
34,52,-110.4680,-29.5998,-6.7979
34,53,-105.8333,-35.9256,-9.5348
34,54,-100.3569,-41.5692,-11.8730
34,55,-94.2247,-46.4665,-13.7648
34,56,-87.6299,-50.5932,-15.1869
34,57,-80.7613,-53.9630,-16.1387
34,58,-73.7927,-56.6231,-16.6402
34,59,-66.8742,-58.6471,-16.7265
34,60,-60.1266,-60.1266,-16.4437
34,61,-53.6383,-61.1627,-15.8427
34,62,-47.4643,-61.8567,-14.9750
34,63,-41.6292,-62.3025,-13.8884
34,64,-36.1310,-62.5807,-12.6247
34,65,-30.9471,-62.7545,-11.2183
34,66,-26.0411,-62.8688,-9.6964
34,67,-21.3688,-62.9506,-8.0800
34,68,-16.8840,-63.0120,-6.3851
34,69,-12.5422,-63.0541,-4.6252
34,70,-8.3034,-63.0708,-2.8118
34,71,-4.1327,-63.0526,-0.9563
34,72,-0.0000,-62.9897,0.9299
34,73,4.1210,-62.8736,2.8349
34,74,8.2544,-62.6982,4.7466
34,75,12.4240,-62.4595,6.6528
34,76,16.6545,-62.1553,8.5417
34,77,20.9728,-61.7840,10.4017
34,78,25.4090,-61.3429,12.2207
34,79,29.9961,-60.8260,13.9856
34,80,34.7690,-60.2217,15.6806
34,81,39.7630,-59.5096,17.2863
34,82,45.0098,-58.6579,18.7773
34,83,50.5327,-57.6215,20.1218
34,84,56.3414,-56.3414,21.2803
34,85,62.4253,-54.7455,22.2064
34,86,68.7483,-52.7524,22.8485
34,87,75.2439,-50.2764,23.1521
34,88,81.8139,-47.2353,23.0648
34,89,88.3277,-43.5584,22.5407
34,90,94.6272,-39.1959,21.5463
34,91,100.5330,-34.1264,20.0659
34,92,105.8549,-28.3637,18.1053
34,93,110.4032,-21.9606,15.6951
34,94,114.0027,-15.0087,12.8910
34,95,116.5053,-7.6362,9.7720
35,0,117.5383,0.0000,9.6394
35,1,117.8987,7.7275,6.2281
35,2,116.9810,15.4008,2.7749
35,3,114.8102,22.8372,-0.6025
35,4,111.4620,29.8662,-3.7921
35,5,107.0571,36.3410,-6.6949
35,6,101.7514,42.1468,-9.2300
35,7,95.7253,47.2065,-11.3390
35,8,89.1711,51.4829,-12.9874
35,9,82.2808,54.9783,-14.1649
35,10,75.2357,57.7304,-14.8824
35,11,68.1963,59.8066,-15.1691
35,12,61.2961,61.2961,-15.0668
35,13,54.6366,62.3011,-14.6246
35,14,48.2861,62.9277,-13.8941
35,15,42.2806,63.2774,-12.9248
35,16,36.6272,63.4402,-11.7606
35,17,31.3094,63.4892,-10.4387
35,18,26.2936,63.4783,-8.9884
35,19,21.5357,63.4421,-7.4327
35,20,16.9873,63.3976,-5.7889
35,21,12.6007,63.3482,-4.0711
35,22,8.3321,63.2882,-2.2909
35,23,4.1428,63.2064,-0.4598
35,24,0.0000,63.0901,1.4112
35,25,-4.1245,62.9274,3.3102
35,26,-8.2557,62.7082,5.2253
35,27,-12.4171,62.4251,7.1442
35,28,-16.6322,62.0724,9.0548
35,29,-20.9258,61.6454,10.9453
35,30,-25.3248,61.1395,12.8036
35,31,-29.8588,60.5477,14.6167
35,32,-34.5597,59.8592,16.3697
35,33,-39.4601,59.0563,18.0443
35,34,-44.5908,58.1119,19.6173
35,35,-49.9768,56.9876,21.0592
35,36,-55.6319,55.6319,22.3333
35,37,-61.5535,53.9809,23.3957
35,38,-67.7157,51.9601,24.1963
35,39,-74.0650,49.4886,24.6807
35,40,-80.5166,46.4863,24.7945
35,41,-86.9538,42.8809,24.4877
35,42,-93.2298,38.6170,23.7205
35,43,-99.1738,33.6650,22.4683
35,44,-104.5997,28.0274,20.7272
35,45,-109.3175,21.7446,18.5169
35,46,-113.1464,14.8960,15.8824
35,47,-115.9278,7.5983,12.8931
35,48,-117.5383,0.0000,9.6394
35,49,-117.8987,-7.7275,6.2281
35,50,-116.9810,-15.4008,2.7749
35,51,-114.8102,-22.8372,-0.6025
35,52,-111.4620,-29.8662,-3.7921
35,53,-107.0571,-36.3410,-6.6949
35,54,-101.7514,-42.1468,-9.2300
35,55,-95.7253,-47.2065,-11.3390
35,56,-89.1711,-51.4829,-12.9874
35,57,-82.2808,-54.9783,-14.1649
35,58,-75.2357,-57.7304,-14.8824
35,59,-68.1963,-59.8066,-15.1691
35,60,-61.2961,-61.2961,-15.0668
35,61,-54.6366,-62.3011,-14.6246
35,62,-48.2861,-62.9277,-13.8941
35,63,-42.2806,-63.2774,-12.9248
35,64,-36.6272,-63.4402,-11.7606
35,65,-31.3094,-63.4892,-10.4387
35,66,-26.2936,-63.4783,-8.9884
35,67,-21.5357,-63.4421,-7.4327
35,68,-16.9873,-63.3976,-5.7889
35,69,-12.6007,-63.3482,-4.0711
35,70,-8.3321,-63.2882,-2.2909
35,71,-4.1428,-63.2064,-0.4598
35,72,-0.0000,-63.0901,1.4112
35,73,4.1245,-62.9274,3.3102
35,74,8.2557,-62.7082,5.2253
35,75,12.4171,-62.4251,7.1442
35,76,16.6322,-62.0724,9.0548
35,77,20.9258,-61.6454,10.9453
35,78,25.3248,-61.1395,12.8036
35,79,29.8588,-60.5477,14.6167
35,80,34.5597,-59.8592,16.3697
35,81,39.4601,-59.0563,18.0443
35,82,44.5908,-58.1119,19.6173
35,83,49.9768,-56.9876,21.0592
35,84,55.6319,-55.6319,22.3333
35,85,61.5535,-53.9809,23.3957
35,86,67.7157,-51.9601,24.1963
35,87,74.0650,-49.4886,24.6807
35,88,80.5166,-46.4863,24.7945
35,89,86.9538,-42.8809,24.4877
35,90,93.2298,-38.6170,23.7205
35,91,99.1738,-33.6650,22.4683
35,92,104.5997,-28.0274,20.7272
35,93,109.3175,-21.7446,18.5169
35,94,113.1464,-14.8960,15.8824
35,95,115.9278,-7.5983,12.8931
36,0,117.1786,0.0000,12.8182
36,1,117.8651,7.7253,9.4586
36,2,117.2806,15.4403,6.0020
36,3,115.4311,22.9607,2.5665
36,4,112.3749,30.1108,-0.7323
36,5,108.2175,36.7349,-3.7884
36,6,103.1037,42.7070,-6.5116
36,7,97.2069,47.9371,-8.8327
36,8,90.7169,52.3754,-10.7061
36,9,83.8279,56.0120,-12.1104
36,10,76.7267,58.8745,-13.0477
36,11,69.5832,61.0229,-13.5397
36,12,62.5422,62.5422,-13.6235
36,13,55.7181,63.5343,-13.3457
36,14,49.1920,64.1083,-12.7578
36,15,43.0120,64.3720,-11.9102
36,16,37.1952,64.4239,-10.8494
36,17,31.7325,64.3471,-9.6150
36,18,26.5946,64.2050,-8.2392
36,19,21.7390,64.0409,-6.7469
36,20,17.1161,63.8783,-5.1571
36,21,12.6757,63.7248,-3.4843
36,22,8.3699,63.5760,-1.7409
36,23,4.1568,63.4202,0.0622
36,24,0.0000,63.2425,1.9139
36,25,-4.1311,63.0278,3.8028
36,26,-8.2628,62.7623,5.7169
36,27,-12.4190,62.4347,7.6442
36,28,-16.6225,62.0359,9.5722
36,29,-20.8962,61.5583,11.4890
36,30,-25.2647,60.9944,13.3820
36,31,-29.7545,60.3362,15.2384
36,32,-34.3941,59.5724,17.0436
36,33,-39.2134,58.6870,18.7803
36,34,-44.2415,57.6566,20.4272
36,35,-49.5035,56.4479,21.9571
36,36,-55.0162,55.0162,23.3363
36,37,-60.7828,53.3051,24.5235
36,38,-66.7863,51.2470,25.4707
36,39,-72.9849,48.7670,26.1248
36,40,-79.3070,45.7879,26.4304
36,41,-85.6494,42.2376,26.3346
36,42,-91.8783,38.0572,25.7920
36,43,-97.8331,33.2099,24.7703
36,44,-103.3342,27.6883,23.2557
36,45,-108.1935,21.5210,21.2572
36,46,-112.2268,14.7749,18.8085
36,47,-115.2674,7.5550,15.9683
36,48,-117.1786,0.0000,12.8182
36,49,-117.8651,-7.7253,9.4586
36,50,-117.2806,-15.4403,6.0020
36,51,-115.4311,-22.9607,2.5665
36,52,-112.3749,-30.1108,-0.7323
36,53,-108.2175,-36.7349,-3.7884
36,54,-103.1037,-42.7070,-6.5116
36,55,-97.2069,-47.9371,-8.8327
36,56,-90.7169,-52.3754,-10.7061
36,57,-83.8279,-56.0120,-12.1104
36,58,-76.7267,-58.8745,-13.0477
36,59,-69.5832,-61.0229,-13.5397
36,60,-62.5422,-62.5422,-13.6235
36,61,-55.7181,-63.5343,-13.3457
36,62,-49.1920,-64.1083,-12.7578
36,63,-43.0120,-64.3720,-11.9102
36,64,-37.1952,-64.4239,-10.8494
36,65,-31.7325,-64.3471,-9.6150
36,66,-26.5946,-64.2050,-8.2392
36,67,-21.7390,-64.0409,-6.7469
36,68,-17.1161,-63.8783,-5.1571
36,69,-12.6757,-63.7248,-3.4843
36,70,-8.3699,-63.5760,-1.7409
36,71,-4.1568,-63.4202,0.0622
36,72,-0.0000,-63.2425,1.9139
36,73,4.1311,-63.0278,3.8028
36,74,8.2628,-62.7623,5.7169
36,75,12.4190,-62.4347,7.6442
36,76,16.6225,-62.0359,9.5722
36,77,20.8962,-61.5583,11.4890
36,78,25.2647,-60.9944,13.3820
36,79,29.7545,-60.3362,15.2384
36,80,34.3941,-59.5724,17.0436
36,81,39.2134,-58.6870,18.7803
36,82,44.2415,-57.6566,20.4272
36,83,49.5035,-56.4479,21.9571
36,84,55.0162,-55.0162,23.3363
36,85,60.7828,-53.3051,24.5235
36,86,66.7863,-51.2470,25.4707
36,87,72.9849,-48.7670,26.1248
36,88,79.3070,-45.7879,26.4304
36,89,85.6494,-42.2376,26.3346
36,90,91.8783,-38.0572,25.7920
36,91,97.8331,-33.2099,24.7703
36,92,103.3342,-27.6883,23.2557
36,93,108.1935,-21.5210,21.2572
36,94,112.2268,-14.7749,18.8085
36,95,115.2674,-7.5550,15.9683
37,0,116.7334,0.0000,15.9540
37,1,117.7355,7.7168,12.6674
37,2,117.4805,15.4666,9.2287
37,3,115.9555,23.0650,5.7550
37,4,113.2006,30.3320,2.3647
37,5,109.3052,37.1041,-0.8302
37,6,104.4019,43.2447,-3.7307
37,7,98.6556,48.6516,-6.2567
37,8,92.2526,53.2621,-8.3513
37,9,85.3876,57.0542,-9.9819
37,10,78.2519,60.0448,-11.1407
37,11,71.0232,62.2856,-11.8414
37,12,63.8563,63.8563,-12.1154
37,13,56.8775,64.8563,-12.0065
37,14,50.1803,65.3963,-11.5651
37,15,43.8249,65.5886,-10.8428
37,16,37.8390,65.5390,-9.8882
37,17,32.2220,65.3397,-8.7436
37,18,26.9505,65.0642,-7.4441
37,19,21.9847,64.7649,-6.0169
37,20,17.2756,64.4734,-4.4827
37,21,12.7707,64.2029,-2.8573
37,22,8.4194,63.9520,-1.1532
37,23,4.1758,63.7100,0.6186
37,24,0.0000,63.4604,2.4473
37,25,-4.1414,63.1856,4.3220
37,26,-8.2768,62.8685,6.2311
37,27,-12.4308,62.4939,8.1624
37,28,-16.6260,62.0492,10.1037
37,29,-20.8844,61.5234,12.0423
37,30,-25.2283,60.9065,13.9655
37,31,-29.6816,60.1884,15.8602
37,32,-34.2698,59.3571,17.7120
37,33,-39.0198,58.3972,19.5043
37,34,-43.9583,57.2876,21.2171
37,35,-49.1099,55.9991,22.8256
37,36,-54.4928,54.4928,24.2988
37,37,-60.1142,52.7187,25.5985
37,38,-65.9645,50.6163,26.6795
37,39,-72.0118,48.1168,27.4904
37,40,-78.1970,45.1470,27.9763
37,41,-84.4304,41.6364,28.0822
37,42,-90.5915,37.5242,27.7585
37,43,-96.5314,32.7680,26.9660
37,44,-102.0793,27.3521,25.6818
37,45,-107.0512,21.2938,23.9038
37,46,-111.2620,14.6479,21.6543
37,47,-114.5386,7.5073,18.9805
37,48,-116.7334,0.0000,15.9540
37,49,-117.7355,-7.7168,12.6674
37,50,-117.4805,-15.4666,9.2287
37,51,-115.9555,-23.0650,5.7550
37,52,-113.2006,-30.3320,2.3647
37,53,-109.3052,-37.1041,-0.8302
37,54,-104.4019,-43.2447,-3.7307
37,55,-98.6556,-48.6516,-6.2567
37,56,-92.2526,-53.2621,-8.3513
37,57,-85.3876,-57.0542,-9.9819
37,58,-78.2519,-60.0448,-11.1407
37,59,-71.0232,-62.2856,-11.8414
37,60,-63.8563,-63.8563,-12.1154
37,61,-56.8775,-64.8563,-12.0065
37,62,-50.1803,-65.3963,-11.5651
37,63,-43.8249,-65.5886,-10.8428
37,64,-37.8390,-65.5390,-9.8882
37,65,-32.2220,-65.3397,-8.7436
37,66,-26.9505,-65.0642,-7.4441
37,67,-21.9847,-64.7649,-6.0169
37,68,-17.2756,-64.4734,-4.4827
37,69,-12.7707,-64.2029,-2.8573
37,70,-8.4194,-63.9520,-1.1532
37,71,-4.1758,-63.7100,0.6186
37,72,-0.0000,-63.4604,2.4473
37,73,4.1414,-63.1856,4.3220
37,74,8.2768,-62.8685,6.2311
37,75,12.4308,-62.4939,8.1624
37,76,16.6260,-62.0492,10.1037
37,77,20.8844,-61.5234,12.0423
37,78,25.2283,-60.9065,13.9655
37,79,29.6816,-60.1884,15.8602
37,80,34.2698,-59.3571,17.7120
37,81,39.0198,-58.3972,19.5043
37,82,43.9583,-57.2876,21.2171
37,83,49.1099,-55.9991,22.8256
37,84,54.4928,-54.4928,24.2988
37,85,60.1142,-52.7187,25.5985
37,86,65.9645,-50.6163,26.6795
37,87,72.0118,-48.1168,27.4904
37,88,78.1970,-45.1470,27.9763
37,89,84.4304,-41.6364,28.0822
37,90,90.5915,-37.5242,27.7585
37,91,96.5314,-32.7680,26.9660
37,92,102.0793,-27.3521,25.6818
37,93,107.0512,-21.2938,23.9038
37,94,111.2620,-14.6479,21.6543
37,95,114.5386,-7.5073,18.9805
38,0,116.2187,0.0000,19.0216
38,1,117.5209,7.7027,15.8283
38,2,117.5869,15.4806,12.4289
38,3,116.3848,23.1504,8.9381
38,4,113.9359,30.5290,5.4757
38,5,110.3133,37.4463,2.1590
38,6,105.6357,43.7557,-0.9048
38,7,100.0590,49.3436,-3.6255
38,8,93.7642,54.1348,-5.9344
38,9,86.9455,58.0951,-7.7879
38,10,79.7974,61.2307,-9.1674
38,11,72.5038,63.5841,-10.0780
38,12,65.2284,65.2284,-10.5449
38,13,58.1081,66.2595,-10.6080
38,14,51.2479,66.7875,-10.3162
38,15,44.7195,66.9275,-9.7217
38,16,38.5617,66.7908,-8.8751
38,17,32.7832,66.4777,-7.8216
38,18,27.3676,66.0711,-6.5991
38,19,22.2794,65.6331,-5.2376
38,20,17.4714,65.2043,-3.7599
38,21,12.8905,64.8049,-2.1829
38,22,8.4835,64.4385,-0.5199
38,23,4.2011,64.0965,1.2182
38,24,0.0000,63.7626,3.0210
38,25,-4.1566,63.4172,4.8780
38,26,-8.2994,63.0405,6.7780
38,27,-12.4547,62.6138,8.7093
38,28,-16.6452,62.1207,10.6594
38,29,-20.8924,61.5470,12.6155
38,30,-25.2172,60.8797,14.5643
38,31,-29.6411,60.1063,16.4924
38,32,-34.1870,59.2136,18.3851
38,33,-38.8787,58.1860,20.2263
38,34,-43.7405,57.0038,21.9972
38,35,-48.7955,55.6406,23.6748
38,36,-54.0620,54.0620,25.2308
38,37,-59.5500,52.2240,26.6302
38,38,-65.2555,50.0723,27.8309
38,39,-71.1548,47.5441,28.7841
38,40,-77.2000,44.5714,29.4360
38,41,-83.3143,41.0861,29.7312
38,42,-89.3907,37.0268,29.6168
38,43,-95.2930,32.3476,29.0479
38,44,-100.8606,27.0255,27.9933
38,45,-105.9159,21.0680,26.4405
38,46,-110.2753,14.5180,24.3998
38,47,-113.7620,7.4564,21.9066
38,48,-116.2187,0.0000,19.0216
38,49,-117.5209,-7.7027,15.8283
38,50,-117.5869,-15.4806,12.4289
38,51,-116.3848,-23.1504,8.9381
38,52,-113.9359,-30.5290,5.4757
38,53,-110.3133,-37.4463,2.1590
38,54,-105.6357,-43.7557,-0.9048
38,55,-100.0590,-49.3436,-3.6255
38,56,-93.7642,-54.1348,-5.9344
38,57,-86.9455,-58.0951,-7.7879
38,58,-79.7974,-61.2307,-9.1674
38,59,-72.5038,-63.5841,-10.0780
38,60,-65.2284,-65.2284,-10.5449
38,61,-58.1081,-66.2595,-10.6080
38,62,-51.2479,-66.7875,-10.3162
38,63,-44.7195,-66.9275,-9.7217
38,64,-38.5617,-66.7908,-8.8751
38,65,-32.7832,-66.4777,-7.8216
38,66,-27.3676,-66.0711,-6.5991
38,67,-22.2794,-65.6331,-5.2376
38,68,-17.4714,-65.2043,-3.7599
38,69,-12.8905,-64.8049,-2.1829
38,70,-8.4835,-64.4385,-0.5199
38,71,-4.2011,-64.0965,1.2182
38,72,-0.0000,-63.7626,3.0210
38,73,4.1566,-63.4172,4.8780
38,74,8.2994,-63.0405,6.7780
38,75,12.4547,-62.6138,8.7093
38,76,16.6452,-62.1207,10.6594
38,77,20.8924,-61.5470,12.6155
38,78,25.2172,-60.8797,14.5643
38,79,29.6411,-60.1063,16.4924
38,80,34.1870,-59.2136,18.3851
38,81,38.8787,-58.1860,20.2263
38,82,43.7405,-57.0038,21.9972
38,83,48.7955,-55.6406,23.6748
38,84,54.0620,-54.0620,25.2308
38,85,59.5500,-52.2240,26.6302
38,86,65.2555,-50.0723,27.8309
38,87,71.1548,-47.5441,28.7841
38,88,77.2000,-44.5714,29.4360
38,89,83.3143,-41.0861,29.7312
38,90,89.3907,-37.0268,29.6168
38,91,95.2930,-32.3476,29.0479
38,92,100.8606,-27.0255,27.9933
38,93,105.9159,-21.0680,26.4405
38,94,110.2753,-14.5180,24.3998
38,95,113.7620,-7.4564,21.9066
39,0,115.6572,0.0000,21.9894
39,1,117.2388,7.6842,18.9081
39,2,117.6113,15.4838,15.5690
39,3,116.7246,23.2180,12.0831
39,4,114.5815,30.7020,8.5705
39,5,111.2375,37.7601,5.1522
39,6,106.7973,44.2369,1.9427
39,7,101.4062,50.0080,-0.9582
39,8,95.2390,54.9863,-3.4708
39,9,88.4881,59.1259,-5.5398
39,10,81.3497,62.4218,-7.1360
39,11,74.0126,64.9073,-8.2551
39,12,66.6480,66.6480,-8.9154
39,13,59.4019,67.7348,-9.1520
39,14,52.3898,68.2757,-9.0118
39,15,45.6944,68.3865,-8.5469
39,16,39.3651,68.1823,-7.8096
39,17,33.4203,67.7696,-6.8478
39,18,27.8516,67.2397,-5.7024
39,19,22.6295,66.6644,-4.4063
39,20,17.7097,66.0936,-2.9846
39,21,13.0399,65.5559,-1.4561
39,22,8.5655,65.0614,0.1653
39,23,4.2345,64.6054,1.8684
39,24,0.0000,64.1733,3.6432
39,25,-4.1781,63.7449,5.4796
39,26,-8.3334,63.2983,7.3673
39,27,-12.4940,62.8117,9.2946
39,28,-16.6839,62.2653,11.2493
39,29,-20.9245,61.6415,13.2182
39,30,-25.2356,60.9240,15.1878
39,31,-29.6370,60.0979,17.1439
39,32,-34.1492,59.1481,19.0717
39,33,-38.7933,58.0582,20.9552
39,34,-43.5909,56.8088,22.7762
39,35,-48.5631,55.3756,24.5135
39,36,-53.7277,53.7277,26.1410
39,37,-59.0958,51.8257,27.6268
39,38,-64.6674,49.6210,28.9322
39,39,-70.4257,47.0569,30.0114
39,40,-76.3321,44.0703,30.8129
39,41,-82.3218,40.5966,31.2815
39,42,-88.3009,36.5754,31.3627
39,43,-94.1462,31.9583,31.0070
39,44,-99.7085,26.7168,30.1760
39,45,-104.8185,20.8497,28.8475
39,46,-109.2966,14.3892,27.0204
39,47,-112.9642,7.4041,24.7181
39,48,-115.6572,0.0000,21.9894
39,49,-117.2388,-7.6842,18.9081
39,50,-117.6113,-15.4838,15.5690
39,51,-116.7246,-23.2180,12.0831
39,52,-114.5815,-30.7020,8.5705
39,53,-111.2375,-37.7601,5.1522
39,54,-106.7973,-44.2369,1.9427
39,55,-101.4062,-50.0080,-0.9582
39,56,-95.2390,-54.9863,-3.4708
39,57,-88.4881,-59.1259,-5.5398
39,58,-81.3497,-62.4218,-7.1360
39,59,-74.0126,-64.9073,-8.2551
39,60,-66.6480,-66.6480,-8.9154
39,61,-59.4019,-67.7348,-9.1520
39,62,-52.3898,-68.2757,-9.0118
39,63,-45.6944,-68.3865,-8.5469
39,64,-39.3651,-68.1823,-7.8096
39,65,-33.4203,-67.7696,-6.8478
39,66,-27.8516,-67.2397,-5.7024
39,67,-22.6295,-66.6644,-4.4063
39,68,-17.7097,-66.0936,-2.9846
39,69,-13.0399,-65.5559,-1.4561
39,70,-8.5655,-65.0614,0.1653
39,71,-4.2345,-64.6054,1.8684
39,72,-0.0000,-64.1733,3.6432
39,73,4.1781,-63.7449,5.4796
39,74,8.3334,-63.2983,7.3673
39,75,12.4940,-62.8117,9.2946
39,76,16.6839,-62.2653,11.2493
39,77,20.9245,-61.6415,13.2182
39,78,25.2356,-60.9240,15.1878
39,79,29.6370,-60.0979,17.1439
39,80,34.1492,-59.1481,19.0717
39,81,38.7933,-58.0582,20.9552
39,82,43.5909,-56.8088,22.7762
39,83,48.5631,-55.3756,24.5135
39,84,53.7277,-53.7277,26.1410
39,85,59.0958,-51.8257,27.6268
39,86,64.6674,-49.6210,28.9322
39,87,70.4257,-47.0569,30.0114
39,88,76.3321,-44.0703,30.8129
39,89,82.3218,-40.5966,31.2815
39,90,88.3009,-36.5754,31.3627
39,91,94.1462,-31.9583,31.0070
39,92,99.7085,-26.7168,30.1760
39,93,104.8185,-20.8497,28.8475
39,94,109.2966,-14.3892,27.0204
39,95,112.9642,-7.4041,24.7181
40,0,115.0783,0.0000,24.8206
40,1,116.9131,7.6629,21.8674
40,2,117.5716,15.4786,18.6088
40,3,116.9865,23.2701,15.1507
40,4,115.1425,30.8523,11.6118
40,5,112.0777,38.0453,8.1155
40,6,107.8819,44.6861,4.7821
40,7,102.6888,50.6405,1.7200
40,8,96.6661,55.8102,-0.9806
40,9,90.0028,60.1379,-3.2534
40,10,82.8955,63.6080,-5.0581
40,11,75.5367,66.2439,-6.3811
40,12,68.1034,68.1034,-7.2326
40,13,60.7494,69.2714,-7.6425
40,14,53.5994,69.8521,-7.6547
40,15,46.7459,69.9601,-7.3206
40,16,40.2485,69.7124,-6.6934
40,17,34.1354,69.2198,-5.8235
40,18,28.4070,68.5805,-4.7546
40,19,23.0404,67.8750,-3.5229
40,20,17.9962,67.1626,-2.1561
40,21,13.2239,66.4812,-0.6749
40,22,8.6691,65.8486,0.9055
40,23,4.2778,65.2659,2.5736
40,24,0.0000,64.7217,4.3193
40,25,-4.2077,64.1968,6.1334
40,26,-8.3821,63.6681,8.0059
40,27,-12.5537,63.1119,9.9258
40,28,-16.7482,62.5052,11.8809
40,29,-20.9873,61.8267,13.8581
40,30,-25.2907,61.0572,15.8432
40,31,-29.6769,60.1787,17.8218
40,32,-34.1641,59.1740,19.7784
40,33,-38.7713,58.0253,21.6970
40,34,-43.5173,56.7128,23.5600
40,35,-48.4208,55.2134,25.3473
40,36,-53.4985,53.4985,27.0348
40,37,-58.7616,51.5325,28.5935
40,38,-64.2126,49.2721,29.9880
40,39,-69.8399,46.6655,31.1758
40,40,-75.6128,43.6551,32.1080
40,41,-81.4770,40.1800,32.7312
40,42,-87.3507,36.1819,32.9902
40,43,-93.1237,31.6112,32.8323
40,44,-98.6587,26.4355,32.2134
40,45,-103.7962,20.6463,31.1026
40,46,-108.3622,14.2662,29.4883
40,47,-112.1792,7.3526,27.3819
40,48,-115.0783,0.0000,24.8206
40,49,-116.9131,-7.6629,21.8674
40,50,-117.5716,-15.4786,18.6088
40,51,-116.9865,-23.2701,15.1507
40,52,-115.1425,-30.8523,11.6118
40,53,-112.0777,-38.0453,8.1155
40,54,-107.8819,-44.6861,4.7821
40,55,-102.6888,-50.6405,1.7200
40,56,-96.6661,-55.8102,-0.9806
40,57,-90.0028,-60.1379,-3.2534
40,58,-82.8955,-63.6080,-5.0581
40,59,-75.5367,-66.2439,-6.3811
40,60,-68.1034,-68.1034,-7.2326
40,61,-60.7494,-69.2714,-7.6425
40,62,-53.5994,-69.8521,-7.6547
40,63,-46.7459,-69.9601,-7.3206
40,64,-40.2485,-69.7124,-6.6934
40,65,-34.1354,-69.2198,-5.8235
40,66,-28.4070,-68.5805,-4.7546
40,67,-23.0404,-67.8750,-3.5229
40,68,-17.9962,-67.1626,-2.1561
40,69,-13.2239,-66.4812,-0.6749
40,70,-8.6691,-65.8486,0.9055
40,71,-4.2778,-65.2659,2.5736
40,72,-0.0000,-64.7217,4.3193
40,73,4.2077,-64.1968,6.1334
40,74,8.3821,-63.6681,8.0059
40,75,12.5537,-63.1119,9.9258
40,76,16.7482,-62.5052,11.8809
40,77,20.9873,-61.8267,13.8581
40,78,25.2907,-61.0572,15.8432
40,79,29.6769,-60.1787,17.8218
40,80,34.1641,-59.1740,19.7784
40,81,38.7713,-58.0253,21.6970
40,82,43.5173,-56.7128,23.5600
40,83,48.4208,-55.2134,25.3473
40,84,53.4985,-53.4985,27.0348
40,85,58.7616,-51.5325,28.5935
40,86,64.2126,-49.2721,29.9880
40,87,69.8399,-46.6655,31.1758
40,88,75.6128,-43.6551,32.1080
40,89,81.4770,-40.1800,32.7312
40,90,87.3507,-36.1819,32.9902
40,91,93.1237,-31.6112,32.8323
40,92,98.6587,-26.4355,32.2134
40,93,103.7962,-20.6463,31.1026
40,94,108.3622,-14.2662,29.4883
40,95,112.1792,-7.3526,27.3819
41,0,114.5188,0.0000,27.4749
41,1,116.5751,7.6407,24.6626
41,2,117.4924,15.4682,21.5030
41,3,117.1881,23.3102,18.0955
41,4,115.6296,30.9829,14.5559
41,5,112.8382,38.3034,11.0084
41,6,108.8882,45.1030,7.5772
41,7,103.9012,51.2384,4.3780
41,8,98.0365,56.6014,1.5103
41,9,91.4782,61.1238,-0.9493
41,10,84.4222,64.7794,-2.9498
41,11,77.0629,67.5824,-4.4679
41,12,69.5820,69.5820,-5.5055
41,13,62.1394,70.8564,-6.0864
41,14,54.8675,71.5047,-6.2503
41,15,47.8676,71.6389,-6.0473
41,16,41.2086,71.3754,-5.5307
41,17,34.9282,70.8275,-4.7527
41,18,29.0357,70.0985,-3.7599
41,19,23.5161,69.2762,-2.5912
41,20,18.3355,68.4290,-1.2775
41,21,13.4473,67.6040,0.1584
41,22,8.7980,66.8277,1.6995
41,23,4.3330,66.1084,3.3336
41,24,0.0000,65.4398,5.0507
41,25,-4.2476,64.8052,6.8416
41,26,-8.4497,64.1821,8.6971
41,27,-12.6399,63.5452,10.6066
41,28,-16.8457,62.8692,12.5582
41,29,-21.0902,62.1297,14.5388
41,30,-25.3930,61.3041,16.5340
41,31,-29.7719,60.3715,18.5288
41,32,-34.2438,59.3120,20.5074
41,33,-38.8251,58.1059,22.4536
41,34,-43.5324,56.7325,24.3500
41,35,-48.3819,55.1690,26.1773
41,36,-53.3884,53.3884,27.9132
41,37,-58.5626,51.3580,29.5311
41,38,-63.9083,49.0385,30.9986
41,39,-69.4175,46.3833,32.2767
41,40,-75.0659,43.3393,33.3196
41,41,-80.8079,39.8500,34.0760
41,42,-86.5727,35.8596,34.4913
41,43,-92.2623,31.3188,34.5113
41,44,-97.7513,26.1924,34.0874
41,45,-102.8909,20.4663,33.1817
41,46,-107.5143,14.1545,31.7732
41,47,-111.4472,7.3046,29.8625
41,48,-114.5188,0.0000,27.4749
41,49,-116.5751,-7.6407,24.6626
41,50,-117.4924,-15.4682,21.5030
41,51,-117.1881,-23.3102,18.0955
41,52,-115.6296,-30.9829,14.5559
41,53,-112.8382,-38.3034,11.0084
41,54,-108.8882,-45.1030,7.5772
41,55,-103.9012,-51.2384,4.3780
41,56,-98.0365,-56.6014,1.5103
41,57,-91.4782,-61.1238,-0.9493
41,58,-84.4222,-64.7794,-2.9498
41,59,-77.0629,-67.5824,-4.4679
41,60,-69.5820,-69.5820,-5.5055
41,61,-62.1394,-70.8564,-6.0864
41,62,-54.8675,-71.5047,-6.2503
41,63,-47.8676,-71.6389,-6.0473
41,64,-41.2086,-71.3754,-5.5307
41,65,-34.9282,-70.8275,-4.7527
41,66,-29.0357,-70.0985,-3.7599
41,67,-23.5161,-69.2762,-2.5912
41,68,-18.3355,-68.4290,-1.2775
41,69,-13.4473,-67.6040,0.1584
41,70,-8.7980,-66.8277,1.6995
41,71,-4.3330,-66.1084,3.3336
41,72,-0.0000,-65.4398,5.0507
41,73,4.2476,-64.8052,6.8416
41,74,8.4497,-64.1821,8.6971
41,75,12.6399,-63.5452,10.6066
41,76,16.8457,-62.8692,12.5582
41,77,21.0902,-62.1297,14.5388
41,78,25.3930,-61.3041,16.5340
41,79,29.7719,-60.3715,18.5288
41,80,34.2438,-59.3120,20.5074
41,81,38.8251,-58.1059,22.4536
41,82,43.5324,-56.7325,24.3500
41,83,48.3819,-55.1690,26.1773
41,84,53.3884,-53.3884,27.9132
41,85,58.5626,-51.3580,29.5311
41,86,63.9083,-49.0385,30.9986
41,87,69.4175,-46.3833,32.2767
41,88,75.0659,-43.3393,33.3196
41,89,80.8079,-39.8500,34.0760
41,90,86.5727,-35.8596,34.4913
41,91,92.2623,-31.3188,34.5113
41,92,97.7513,-26.1924,34.0874
41,93,102.8909,-20.4663,33.1817
41,94,107.5143,-14.1545,31.7732
41,95,111.4472,-7.3046,29.8625
42,0,114.0211,0.0000,29.9105
42,1,116.2625,7.6202,27.2478
42,2,117.4051,15.4567,24.2030
42,3,117.3534,23.3430,20.8681
42,4,116.0594,31.0980,17.3542
42,5,113.5283,38.5377,13.7844
42,6,109.8192,45.4886,10.2854
42,7,105.0410,51.8005,6.9781
42,8,99.3432,57.3558,3.9695
42,9,92.9042,62.0766,1.3457
42,10,85.9176,65.9269,-0.8328
42,11,78.5780,68.9111,-2.5326
42,12,71.0701,71.0701,-3.7474
42,13,63.5588,72.4749,-4.4939
42,14,56.1826,73.2186,-4.8073
42,15,49.0502,73.4088,-4.7346
42,16,42.2388,73.1598,-4.3288
42,17,35.7951,72.5854,-3.6428
42,18,29.7372,71.7919,-2.7255
42,19,24.0581,70.8728,-1.6187
42,20,18.7308,69.9042,-0.3561
42,21,13.7135,68.9423,1.0368
42,22,8.9554,68.0228,2.5411
42,23,4.4020,67.1620,4.1434
42,24,0.0000,66.3602,5.8330
42,25,-4.3000,65.6050,7.6011
42,26,-8.5410,64.8757,9.4385
42,27,-12.7596,64.1470,11.3353
42,28,-16.9858,63.3919,13.2798
42,29,-21.2442,62.5835,15.2590
42,30,-25.5554,61.6961,17.2584
42,31,-29.9367,60.7057,19.2627
42,32,-34.4039,59.5893,21.2559
42,33,-38.9716,58.3251,23.2214
42,34,-43.6539,56.8909,25.1420
42,35,-48.4647,55.2634,26.9991
42,36,-53.4165,53.4165,28.7716
42,37,-58.5191,51.3198,30.4348
42,38,-63.7763,48.9373,31.9592
42,39,-69.1827,46.2264,33.3089
42,40,-74.7185,43.1388,34.4414
42,41,-80.3454,39.6220,35.3080
42,42,-86.0021,35.6232,35.8557
42,43,-91.6014,31.0945,36.0298
42,44,-97.0296,25.9990,35.7790
42,45,-102.1484,20.3186,35.0602
42,46,-106.7997,14.0605,33.8447
42,47,-110.8141,7.2631,32.1233
42,48,-114.0211,0.0000,29.9105
42,49,-116.2625,-7.6202,27.2478
42,50,-117.4051,-15.4567,24.2030
42,51,-117.3534,-23.3430,20.8681
42,52,-116.0594,-31.0980,17.3542
42,53,-113.5283,-38.5377,13.7844
42,54,-109.8192,-45.4886,10.2854
42,55,-105.0410,-51.8005,6.9781
42,56,-99.3432,-57.3558,3.9695
42,57,-92.9042,-62.0766,1.3457
42,58,-85.9176,-65.9269,-0.8328
42,59,-78.5780,-68.9111,-2.5326
42,60,-71.0701,-71.0701,-3.7474
42,61,-63.5588,-72.4749,-4.4939
42,62,-56.1826,-73.2186,-4.8073
42,63,-49.0502,-73.4088,-4.7346
42,64,-42.2388,-73.1598,-4.3288
42,65,-35.7951,-72.5854,-3.6428
42,66,-29.7372,-71.7919,-2.7255
42,67,-24.0581,-70.8728,-1.6187
42,68,-18.7308,-69.9042,-0.3561
42,69,-13.7135,-68.9423,1.0368
42,70,-8.9554,-68.0228,2.5411
42,71,-4.4020,-67.1620,4.1434
42,72,-0.0000,-66.3602,5.8330
42,73,4.3000,-65.6050,7.6011
42,74,8.5410,-64.8757,9.4385
42,75,12.7596,-64.1470,11.3353
42,76,16.9858,-63.3919,13.2798
42,77,21.2442,-62.5835,15.2590
42,78,25.5554,-61.6961,17.2584
42,79,29.9367,-60.7057,19.2627
42,80,34.4039,-59.5893,21.2559
42,81,38.9716,-58.3251,23.2214
42,82,43.6539,-56.8909,25.1420
42,83,48.4647,-55.2634,26.9991
42,84,53.4165,-53.4165,28.7716
42,85,58.5191,-51.3198,30.4348
42,86,63.7763,-48.9373,31.9592
42,87,69.1827,-46.2264,33.3089
42,88,74.7185,-43.1388,34.4414
42,89,80.3454,-39.6220,35.3080
42,90,86.0021,-35.6232,35.8557
42,91,91.6014,-31.0945,36.0298
42,92,97.0296,-25.9990,35.7790
42,93,102.1484,-20.3186,35.0602
42,94,106.7997,-14.0605,33.8447
42,95,110.8141,-7.2631,32.1233
43,0,113.6319,0.0000,32.0861
43,1,116.0176,7.6042,29.5768
43,2,117.3463,15.4489,26.6589
43,3,117.5121,23.3746,23.4163
43,4,116.4540,31.2038,19.9542
43,5,114.1625,38.7529,16.3929
43,6,110.6821,45.8460,12.8590
43,7,106.1089,52.3271,9.4766
43,8,100.5820,58.0710,6.3584
43,9,94.2726,62.9910,3.5983
43,10,87.3702,67.0415,1.2655
43,11,80.0685,70.2182,-0.5978
43,12,72.5534,72.5534,-1.9765
43,13,64.9930,74.1103,-2.8802
43,14,57.5308,74.9756,-3.3381
43,15,50.2814,75.2514,-3.3936
43,16,43.3293,75.0485,-3.0979
43,17,36.7291,74.4792,-2.5039
43,18,30.5072,73.6510,-1.6619
43,19,24.6651,72.6610,-0.6161
43,20,19.1829,71.5916,0.5971
43,21,14.0247,70.5069,1.9493
43,22,9.1435,69.4517,3.4195
43,23,4.4865,68.4510,4.9924
43,24,0.0000,67.5125,6.6567
43,25,-4.3671,66.6295,8.4029
43,26,-8.6607,65.7847,10.2219
43,27,-12.9202,64.9543,12.1041
43,28,-17.1784,64.1105,14.0382
43,29,-21.4619,63.2248,16.0112
43,30,-25.7925,62.2686,18.0088
43,31,-30.1878,61.2148,20.0155
43,32,-34.6627,60.0376,22.0151
43,33,-39.2303,58.7124,23.9910
43,34,-43.9027,57.2151,25.9260
43,35,-48.6911,55.5215,27.8020
43,36,-53.6058,53.6058,29.5990
43,37,-58.6549,51.4389,31.2938
43,38,-63.8418,48.9876,32.8591
43,39,-69.1624,46.2128,34.2618
43,40,-74.6001,43.0704,35.4625
43,41,-80.1223,39.5119,36.4155
43,42,-85.6752,35.4878,37.0698
43,43,-91.1814,30.9519,37.3716
43,44,-96.5375,25.8671,37.2683
43,45,-101.6157,20.2126,36.7136
43,46,-106.2670,13.9903,35.6727
43,47,-110.3283,7.2313,34.1284
43,48,-113.6319,0.0000,32.0861
43,49,-116.0176,-7.6042,29.5768
43,50,-117.3463,-15.4489,26.6589
43,51,-117.5121,-23.3746,23.4163
43,52,-116.4540,-31.2038,19.9542
43,53,-114.1625,-38.7529,16.3929
43,54,-110.6821,-45.8460,12.8590
43,55,-106.1089,-52.3271,9.4766
43,56,-100.5820,-58.0710,6.3584
43,57,-94.2726,-62.9910,3.5983
43,58,-87.3702,-67.0415,1.2655
43,59,-80.0685,-70.2182,-0.5978
43,60,-72.5534,-72.5534,-1.9765
43,61,-64.9930,-74.1103,-2.8802
43,62,-57.5308,-74.9756,-3.3381
43,63,-50.2814,-75.2514,-3.3936
43,64,-43.3293,-75.0485,-3.0979
43,65,-36.7291,-74.4792,-2.5039
43,66,-30.5072,-73.6510,-1.6619
43,67,-24.6651,-72.6610,-0.6161
43,68,-19.1829,-71.5916,0.5971
43,69,-14.0247,-70.5069,1.9493
43,70,-9.1435,-69.4517,3.4195
43,71,-4.4865,-68.4510,4.9924
43,72,-0.0000,-67.5125,6.6567
43,73,4.3671,-66.6295,8.4029
43,74,8.6607,-65.7847,10.2219
43,75,12.9202,-64.9543,12.1041
43,76,17.1784,-64.1105,14.0382
43,77,21.4619,-63.2248,16.0112
43,78,25.7925,-62.2686,18.0088
43,79,30.1878,-61.2148,20.0155
43,80,34.6627,-60.0376,22.0151
43,81,39.2303,-58.7124,23.9910
43,82,43.9027,-57.2151,25.9260
43,83,48.6911,-55.5215,27.8020
43,84,53.6058,-53.6058,29.5990
43,85,58.6549,-51.4389,31.2938
43,86,63.8418,-48.9876,32.8591
43,87,69.1624,-46.2128,34.2618
43,88,74.6001,-43.0704,35.4625
43,89,80.1223,-39.5119,36.4155
43,90,85.6752,-35.4878,37.0698
43,91,91.1814,-30.9519,37.3716
43,92,96.5375,-25.8671,37.2683
43,93,101.6157,-20.2126,36.7136
43,94,106.2670,-13.9903,35.6727
43,95,110.3283,-7.2313,34.1284
44,0,113.3983,0.0000,33.9621
44,1,115.8849,7.5955,31.6050
44,2,117.3557,15.4502,28.8219
44,3,117.6977,23.4115,25.6883
44,4,116.8395,31.3070,22.3026
44,5,114.7591,38.9555,18.7803
44,6,111.4880,46.1798,15.2461
44,7,107.1093,52.8204,11.8249
44,8,101.7513,58.7461,8.6329
44,9,95.5769,63.8624,5.7694
44,10,88.7698,68.1155,3.3110
44,11,81.5213,71.4923,1.3079
44,12,74.0169,74.0169,-0.2167
44,13,66.4263,75.7447,-1.2648
44,14,58.8964,76.7552,-1.8593
44,15,51.5465,77.1448,-2.0387
44,16,44.4672,77.0194,-1.8512
44,17,37.7198,76.4883,-1.3487
44,18,31.3386,75.6581,-0.5819
44,19,25.3328,74.6280,0.4033
44,20,19.6902,73.4847,1.5681
44,21,14.3811,72.2989,2.8815
44,22,9.3636,71.1233,4.3199
44,23,4.5875,69.9916,5.8660
44,24,0.0000,68.9195,7.5069
44,25,-4.4509,67.9070,9.2324
44,26,-8.8130,66.9416,11.0332
44,27,-13.1286,66.0020,12.8993
44,28,-17.4331,65.0614,14.8198
44,29,-21.7556,64.0899,16.7819
44,30,-26.1192,63.0573,18.7714
44,31,-30.5422,61.9335,20.7729
44,32,-35.0392,60.6897,22.7703
44,33,-39.6220,59.2985,24.7471
44,34,-44.3006,57.7337,26.6861
44,35,-49.0840,55.9696,28.5698
44,36,-53.9801,53.9801,30.3787
44,37,-58.9950,51.7372,32.0912
44,38,-64.1310,49.2095,33.6816
44,39,-69.3842,46.3610,35.1191
44,40,-74.7402,43.1513,36.3670
44,41,-80.1703,39.5356,37.3825
44,42,-85.6270,35.4679,38.1170
44,43,-91.0405,30.9041,38.5186
44,44,-96.3170,25.8081,38.5349
44,45,-101.3380,20.1574,38.1176
44,46,-105.9636,13.9504,37.2284
44,47,-110.0381,7.2123,35.8440
44,48,-113.3983,0.0000,33.9621
44,49,-115.8849,-7.5955,31.6050
44,50,-117.3557,-15.4502,28.8219
44,51,-117.6977,-23.4115,25.6883
44,52,-116.8395,-31.3070,22.3026
44,53,-114.7591,-38.9555,18.7803
44,54,-111.4880,-46.1798,15.2461
44,55,-107.1093,-52.8204,11.8249
44,56,-101.7513,-58.7461,8.6329
44,57,-95.5769,-63.8624,5.7694
44,58,-88.7698,-68.1155,3.3110
44,59,-81.5213,-71.4923,1.3079
44,60,-74.0169,-74.0169,-0.2167
44,61,-66.4263,-75.7447,-1.2648
44,62,-58.8964,-76.7552,-1.8593
44,63,-51.5465,-77.1448,-2.0387
44,64,-44.4672,-77.0194,-1.8512
44,65,-37.7198,-76.4883,-1.3487
44,66,-31.3386,-75.6581,-0.5819
44,67,-25.3328,-74.6280,0.4033
44,68,-19.6902,-73.4847,1.5681
44,69,-14.3811,-72.2989,2.8815
44,70,-9.3636,-71.1233,4.3199
44,71,-4.5875,-69.9916,5.8660
44,72,-0.0000,-68.9195,7.5069
44,73,4.4509,-67.9070,9.2324
44,74,8.8130,-66.9416,11.0332
44,75,13.1286,-66.0020,12.8993
44,76,17.4331,-65.0614,14.8198
44,77,21.7556,-64.0899,16.7819
44,78,26.1192,-63.0573,18.7714
44,79,30.5422,-61.9335,20.7729
44,80,35.0392,-60.6897,22.7703
44,81,39.6220,-59.2985,24.7471
44,82,44.3006,-57.7337,26.6861
44,83,49.0840,-55.9696,28.5698
44,84,53.9801,-53.9801,30.3787
44,85,58.9950,-51.7372,32.0912
44,86,64.1310,-49.2095,33.6816
44,87,69.3842,-46.3610,35.1191
44,88,74.7402,-43.1513,36.3670
44,89,80.1703,-39.5356,37.3825
44,90,85.6270,-35.4679,38.1170
44,91,91.0405,-30.9041,38.5186
44,92,96.3170,-25.8081,38.5349
44,93,101.3380,-20.1574,38.1176
44,94,105.9636,-13.9504,37.2284
44,95,110.0381,-7.2123,35.8440
45,0,113.3645,0.0000,35.5025
45,1,115.9071,7.5970,33.2912
45,2,117.4726,15.4656,30.6460
45,3,117.9445,23.4606,27.6342
45,4,117.2441,31.4155,24.3466
45,5,115.3397,39.1525,20.8927
45,6,112.2510,46.4959,17.3932
45,7,108.0493,53.2840,13.9714
45,8,102.8520,59.3816,10.7444
45,9,96.8125,64.6881,7.8148
45,10,90.1077,69.1421,5.2645
45,11,82.9243,72.7227,3.1503
45,12,75.4460,75.4460,1.5028
45,13,67.8425,77.3596,0.3276
45,14,60.2627,78.5358,-0.3916
45,15,52.8293,79.0646,-0.6877
45,16,45.6374,79.0463,-0.6047
45,17,38.7544,78.5862,-0.1922
45,18,32.2211,77.7887,0.4997
45,19,26.0540,76.7527,1.4243
45,20,20.2483,75.5675,2.5411
45,21,14.7809,74.3087,3.8166
45,22,9.6153,73.0355,5.2246
45,23,4.7053,71.7895,6.7456
45,24,0.0000,70.5943,8.3649
45,25,-4.5525,69.4570,10.0707
45,26,-9.0012,68.3710,11.8529
45,27,-13.3905,67.3187,13.7015
45,28,-17.7584,66.2752,15.6052
45,29,-22.1361,65.2110,17.5516
45,30,-26.5487,64.0943,19.5267
45,31,-31.0154,62.8930,21.5152
45,32,-35.5507,61.5756,23.5015
45,33,-40.1654,60.1118,25.4690
45,34,-44.8680,58.4731,27.4013
45,35,-49.6651,56.6322,29.2808
45,36,-54.5620,54.5620,31.0891
45,37,-59.5627,52.2351,32.8052
45,38,-64.6679,49.6214,34.4049
45,39,-69.8731,46.6877,35.8593
45,40,-75.1650,43.3965,37.1340
45,41,-80.5175,39.7068,38.1887
45,42,-85.8877,35.5759,38.9775
45,43,-91.2121,30.9623,39.4506
45,44,-96.4044,25.8315,39.5570
45,45,-101.3546,20.1607,39.2485
45,46,-105.9317,13.9462,38.4847
45,47,-109.9873,7.2090,37.2387
45,48,-113.3645,0.0000,35.5025
45,49,-115.9071,-7.5970,33.2912
45,50,-117.4726,-15.4656,30.6460
45,51,-117.9445,-23.4606,27.6342
45,52,-117.2441,-31.4155,24.3466
45,53,-115.3397,-39.1525,20.8927
45,54,-112.2510,-46.4959,17.3932
45,55,-108.0493,-53.2840,13.9714
45,56,-102.8520,-59.3816,10.7444
45,57,-96.8125,-64.6881,7.8148
45,58,-90.1077,-69.1421,5.2645
45,59,-82.9243,-72.7227,3.1503
45,60,-75.4460,-75.4460,1.5028
45,61,-67.8425,-77.3596,0.3276
45,62,-60.2627,-78.5358,-0.3916
45,63,-52.8293,-79.0646,-0.6877
45,64,-45.6374,-79.0463,-0.6047
45,65,-38.7544,-78.5862,-0.1922
45,66,-32.2211,-77.7887,0.4997
45,67,-26.0540,-76.7527,1.4243
45,68,-20.2483,-75.5675,2.5411
45,69,-14.7809,-74.3087,3.8166
45,70,-9.6153,-73.0355,5.2246
45,71,-4.7053,-71.7895,6.7456
45,72,-0.0000,-70.5943,8.3649
45,73,4.5525,-69.4570,10.0707
45,74,9.0012,-68.3710,11.8529
45,75,13.3905,-67.3187,13.7015
45,76,17.7584,-66.2752,15.6052
45,77,22.1361,-65.2110,17.5516
45,78,26.5487,-64.0943,19.5267
45,79,31.0154,-62.8930,21.5152
45,80,35.5507,-61.5756,23.5015
45,81,40.1654,-60.1118,25.4690
45,82,44.8680,-58.4731,27.4013
45,83,49.6651,-56.6322,29.2808
45,84,54.5620,-54.5620,31.0891
45,85,59.5627,-52.2351,32.8052
45,86,64.6679,-49.6214,34.4049
45,87,69.8731,-46.6877,35.8593
45,88,75.1650,-43.3965,37.1340
45,89,80.5175,-39.7068,38.1887
45,90,85.8877,-35.5759,38.9775
45,91,91.2121,-30.9623,39.4506
45,92,96.4044,-25.8315,39.5570
45,93,101.3546,-20.1607,39.2485
45,94,105.9317,-13.9462,38.4847
45,95,109.9873,-7.2090,37.2387
46,0,113.5671,0.0000,36.6752
46,1,116.1208,7.6110,34.5989
46,2,117.7324,15.4998,32.0901
46,3,118.2848,23.5283,29.2085
46,4,117.6956,31.5364,26.0372
46,5,115.9260,39.3516,22.6786
46,6,112.9867,46.8006,19.2476
46,7,108.9383,53.7224,15.8636
46,8,103.8874,59.9794,12.6422
46,9,97.9774,65.4664,9.6868
46,10,91.3770,70.1160,7.0821
46,11,84.2669,73.9001,4.8902
46,12,76.8271,76.8271,3.1478
46,13,69.2260,78.9372,1.8674
46,14,61.6129,80.2955,1.0397
46,15,54.1126,80.9853,0.6380
46,16,46.8237,81.1011,0.6230
46,17,39.8181,80.7431,0.9487
46,18,33.1422,80.0124,1.5669
46,19,26.8191,79.0065,2.4309
46,20,20.8504,77.8149,3.4993
46,21,15.2200,76.5161,4.7367
46,22,9.8969,75.1745,6.1147
46,23,4.8396,73.8379,7.6111
46,24,0.0000,72.5372,9.2091
46,25,-4.6724,71.2867,10.8952
46,26,-9.2270,70.0858,12.6582
46,27,-13.7094,68.9219,14.4872
46,28,-18.1597,67.7729,16.3708
46,29,-22.6113,66.6108,18.2965
46,30,-27.0910,65.4035,20.2506
46,31,-31.6192,64.1173,22.2183
46,32,-36.2106,62.7186,24.1841
46,33,-40.8755,61.1745,26.1322
46,34,-45.6208,59.4541,28.0463
46,35,-50.4509,57.5282,29.9096
46,36,-55.3688,55.3688,31.7041
46,37,-60.3759,52.9482,33.4096
46,38,-65.4709,50.2376,35.0031
46,39,-70.6481,47.2056,36.4570
46,40,-75.8943,43.8176,37.7387
46,41,-81.1849,40.0359,38.8101
46,42,-86.4799,35.8212,39.6281
46,43,-91.7207,31.1350,40.1451
46,44,-96.8268,25.9447,40.3124
46,45,-101.6957,20.2285,40.0829
46,46,-106.2040,13.9820,39.4164
46,47,-110.2112,7.2236,38.2843
46,48,-113.5671,0.0000,36.6752
46,49,-116.1208,-7.6110,34.5989
46,50,-117.7324,-15.4998,32.0901
46,51,-118.2848,-23.5283,29.2085
46,52,-117.6956,-31.5364,26.0372
46,53,-115.9260,-39.3516,22.6786
46,54,-112.9867,-46.8006,19.2476
46,55,-108.9383,-53.7224,15.8636
46,56,-103.8874,-59.9794,12.6422
46,57,-97.9774,-65.4664,9.6868
46,58,-91.3770,-70.1160,7.0821
46,59,-84.2669,-73.9001,4.8902
46,60,-76.8271,-76.8271,3.1478
46,61,-69.2260,-78.9372,1.8674
46,62,-61.6129,-80.2955,1.0397
46,63,-54.1126,-80.9853,0.6380
46,64,-46.8237,-81.1011,0.6230
46,65,-39.8181,-80.7431,0.9487
46,66,-33.1422,-80.0124,1.5669
46,67,-26.8191,-79.0065,2.4309
46,68,-20.8504,-77.8149,3.4993
46,69,-15.2200,-76.5161,4.7367
46,70,-9.8969,-75.1745,6.1147
46,71,-4.8396,-73.8379,7.6111
46,72,-0.0000,-72.5372,9.2091
46,73,4.6724,-71.2867,10.8952
46,74,9.2270,-70.0858,12.6582
46,75,13.7094,-68.9219,14.4872
46,76,18.1597,-67.7729,16.3708
46,77,22.6113,-66.6108,18.2965
46,78,27.0910,-65.4035,20.2506
46,79,31.6192,-64.1173,22.2183
46,80,36.2106,-62.7186,24.1841
46,81,40.8755,-61.1745,26.1322
46,82,45.6208,-59.4541,28.0463
46,83,50.4509,-57.5282,29.9096
46,84,55.3688,-55.3688,31.7041
46,85,60.3759,-52.9482,33.4096
46,86,65.4709,-50.2376,35.0031
46,87,70.6481,-47.2056,36.4570
46,88,75.8943,-43.8176,37.7387
46,89,81.1849,-40.0359,38.8101
46,90,86.4799,-35.8212,39.6281
46,91,91.7207,-31.1350,40.1451
46,92,96.8268,-25.9447,40.3124
46,93,101.6957,-20.2285,40.0829
46,94,106.2040,-13.9820,39.4164
46,95,110.2112,-7.2236,38.2843
47,0,114.0312,0.0000,37.4531
47,1,116.5529,7.6393,35.4978
47,2,118.1622,15.5564,33.1197
47,3,118.7448,23.6198,30.3723
47,4,118.2176,31.6763,27.3313
47,5,116.5382,39.5594,24.0913
47,6,113.7105,47.1004,20.7601
47,7,109.7864,54.1407,17.4511
47,8,104.8621,60.5422,14.2758
47,9,99.0710,66.1971,11.3361
47,10,92.5725,71.0334,8.7175
47,11,85.5400,75.0166,6.4849
47,12,78.1482,78.1482,4.6799
47,13,70.5625,80.4611,3.3211
47,14,62.9312,82.0135,2.4056
47,15,55.3799,82.8819,1.9132
47,16,48.0094,83.1548,1.8102
47,17,40.8952,82.9272,2.0550
47,18,34.0881,82.2958,2.6019
47,19,27.6164,81.3552,3.4060
47,20,21.4879,80.1939,4.4254
47,21,15.6925,78.8914,5.6236
47,22,10.2050,77.5148,6.9704
47,23,4.9890,76.1170,8.4411
47,24,0.0000,74.7347,10.0168
47,25,-4.8101,73.3886,11.6820
47,26,-9.4901,72.0846,13.4238
47,27,-14.0860,70.8151,15.2304
47,28,-18.6391,69.5621,17.0899
47,29,-23.1847,68.2998,18.9896
47,30,-27.7510,66.9969,20.9159
47,31,-32.3598,65.6192,22.8547
47,32,-37.0263,64.1314,24.7907
47,33,-41.7603,62.4987,26.7088
47,34,-46.5676,60.6881,28.5933
47,35,-51.4507,58.6682,30.4279
47,36,-56.4100,56.4100,32.1952
47,37,-61.4442,53.8851,33.8758
47,38,-66.5498,51.0654,35.4474
47,39,-71.7192,47.9212,36.8835
47,40,-76.9383,44.4203,38.1531
47,41,-82.1829,40.5281,39.2199
47,42,-87.4149,36.2084,40.0430
47,43,-92.5788,31.4263,40.5777
47,44,-97.5988,26.1515,40.7775
47,45,-102.3781,20.3643,40.5980
47,46,-106.8003,14.0605,40.0003
47,47,-110.7323,7.2578,38.9563
47,48,-114.0312,0.0000,37.4531
47,49,-116.5529,-7.6393,35.4978
47,50,-118.1622,-15.5564,33.1197
47,51,-118.7448,-23.6198,30.3723
47,52,-118.2176,-31.6763,27.3313
47,53,-116.5382,-39.5594,24.0913
47,54,-113.7105,-47.1004,20.7601
47,55,-109.7864,-54.1407,17.4511
47,56,-104.8621,-60.5422,14.2758
47,57,-99.0710,-66.1971,11.3361
47,58,-92.5725,-71.0334,8.7175
47,59,-85.5400,-75.0166,6.4849
47,60,-78.1482,-78.1482,4.6799
47,61,-70.5625,-80.4611,3.3211
47,62,-62.9312,-82.0135,2.4056
47,63,-55.3799,-82.8819,1.9132
47,64,-48.0094,-83.1548,1.8102
47,65,-40.8952,-82.9272,2.0550
47,66,-34.0881,-82.2958,2.6019
47,67,-27.6164,-81.3552,3.4060
47,68,-21.4879,-80.1939,4.4254
47,69,-15.6925,-78.8914,5.6236
47,70,-10.2050,-77.5148,6.9704
47,71,-4.9890,-76.1170,8.4411
47,72,-0.0000,-74.7347,10.0168
47,73,4.8101,-73.3886,11.6820
47,74,9.4901,-72.0846,13.4238
47,75,14.0860,-70.8151,15.2304
47,76,18.6391,-69.5621,17.0899
47,77,23.1847,-68.2998,18.9896
47,78,27.7510,-66.9969,20.9159
47,79,32.3598,-65.6192,22.8547
47,80,37.0263,-64.1314,24.7907
47,81,41.7603,-62.4987,26.7088
47,82,46.5676,-60.6881,28.5933
47,83,51.4507,-58.6682,30.4279
47,84,56.4100,-56.4100,32.1952
47,85,61.4442,-53.8851,33.8758
47,86,66.5498,-51.0654,35.4474
47,87,71.7192,-47.9212,36.8835
47,88,76.9383,-44.4203,38.1531
47,89,82.1829,-40.5281,39.2199
47,90,87.4149,-36.2084,40.0430
47,91,92.5788,-31.4263,40.5777
47,92,97.5988,-26.1515,40.7775
47,93,102.3781,-20.3643,40.5980
47,94,106.8003,-14.0605,40.0003
47,95,110.7323,-7.2578,38.9563
48,0,114.7671,0.0000,37.8149
48,1,117.2165,7.6828,35.9641
48,2,118.7777,15.6374,33.7082
48,3,119.3413,23.7385,31.0952
48,4,118.8270,31.8396,28.1941
48,5,117.1917,39.7812,25.0917
48,6,114.4353,47.4007,21.8876
48,7,110.6028,54.5432,18.6878
48,8,105.7813,61.0729,15.5976
48,9,100.0941,66.8808,12.7149
48,10,93.6910,71.8916,10.1237
48,11,86.7366,76.0660,7.8897
48,12,79.3990,79.3990,6.0578
48,13,71.8391,81.9168,4.6512
48,14,64.2029,83.6709,3.6731
48,15,56.6155,84.7310,3.1093
48,16,49.1786,85.1798,2.9320
48,17,41.9700,85.1068,3.1046
48,18,35.0440,84.6038,3.5852
48,19,28.4332,83.7616,4.3310
48,20,22.1504,82.6663,5.3011
48,21,16.1908,81.3966,6.4586
48,22,10.5349,80.0208,7.7718
48,23,5.1514,78.5945,9.2143
48,24,0.0000,77.1589,10.7649
48,25,-4.9643,75.7402,12.4062
48,26,-9.7883,74.3498,14.1235
48,27,-14.5178,72.9857,15.9038
48,28,-19.1943,71.6343,17.7342
48,29,-23.8544,70.2728,19.6021
48,30,-28.5276,68.8717,21.4938
48,31,-33.2366,67.3972,23.3953
48,32,-37.9974,65.8135,25.2923
48,33,-42.8198,64.0843,27.1699
48,34,-47.7084,62.1748,29.0131
48,35,-52.6640,60.0518,30.8064
48,36,-57.6848,57.6848,32.5329
48,37,-62.7666,55.0448,34.1739
48,38,-67.9030,52.1038,35.7077
48,39,-73.0843,48.8334,37.1090
48,40,-78.2945,45.2034,38.3479
48,41,-83.5091,41.1821,39.3897
48,42,-88.6903,36.7367,40.1954
48,43,-93.7847,31.8356,40.7230
48,44,-98.7197,26.4519,40.9290
48,45,-103.4032,20.5682,40.7718
48,46,-107.7245,14.1822,40.2156
48,47,-111.5576,7.3119,39.2340
48,48,-114.7671,0.0000,37.8149
48,49,-117.2165,-7.6828,35.9641
48,50,-118.7777,-15.6374,33.7082
48,51,-119.3413,-23.7385,31.0952
48,52,-118.8270,-31.8396,28.1941
48,53,-117.1917,-39.7812,25.0917
48,54,-114.4353,-47.4007,21.8876
48,55,-110.6028,-54.5432,18.6878
48,56,-105.7813,-61.0729,15.5976
48,57,-100.0941,-66.8808,12.7149
48,58,-93.6910,-71.8916,10.1237
48,59,-86.7366,-76.0660,7.8897
48,60,-79.3990,-79.3990,6.0578
48,61,-71.8391,-81.9168,4.6512
48,62,-64.2029,-83.6709,3.6731
48,63,-56.6155,-84.7310,3.1093
48,64,-49.1786,-85.1798,2.9320
48,65,-41.9700,-85.1068,3.1046
48,66,-35.0440,-84.6038,3.5852
48,67,-28.4332,-83.7616,4.3310
48,68,-22.1504,-82.6663,5.3011
48,69,-16.1908,-81.3966,6.4586
48,70,-10.5349,-80.0208,7.7718
48,71,-5.1514,-78.5945,9.2143
48,72,-0.0000,-77.1589,10.7649
48,73,4.9643,-75.7402,12.4062
48,74,9.7883,-74.3498,14.1235
48,75,14.5178,-72.9857,15.9038
48,76,19.1943,-71.6343,17.7342
48,77,23.8544,-70.2728,19.6021
48,78,28.5276,-68.8717,21.4938
48,79,33.2366,-67.3972,23.3953
48,80,37.9974,-65.8135,25.2923
48,81,42.8198,-64.0843,27.1699
48,82,47.7084,-62.1748,29.0131
48,83,52.6640,-60.0518,30.8064
48,84,57.6848,-57.6848,32.5329
48,85,62.7666,-55.0448,34.1739
48,86,67.9030,-52.1038,35.7077
48,87,73.0843,-48.8334,37.1090
48,88,78.2945,-45.2034,38.3479
48,89,83.5091,-41.1821,39.3897
48,90,88.6903,-36.7367,40.1954
48,91,93.7847,-31.8356,40.7230
48,92,98.7197,-26.4519,40.9290
48,93,103.4032,-20.5682,40.7718
48,94,107.7245,-14.1822,40.2156
48,95,111.5576,-7.3119,39.2340
49,0,115.7680,0.0000,37.7455
49,1,118.1093,7.7413,35.9826
49,2,119.5805,15.7431,33.8381
49,3,120.0796,23.8853,31.3566
49,4,119.5314,32.0283,28.6011
49,5,117.8951,40.0200,25.6506
49,6,115.1693,47.7047,22.5963
49,7,111.3940,54.9335,19.5355
49,8,106.6489,61.5738,16.5659
49,9,101.0477,67.5179,13.7792
49,10,94.7300,72.6889,11.2559
49,11,87.8511,77.0433,9.0604
49,12,80.5711,80.5711,7.2389
49,13,73.0451,83.2920,5.8181
49,14,65.4154,85.2510,4.8059
49,15,57.8052,86.5116,4.1938
49,16,50.3163,87.1505,3.9599
49,17,43.0276,87.2514,4.0725
49,18,35.9958,86.9015,4.4943
49,19,29.2565,86.1869,5.1854
49,20,22.8267,85.1904,6.1068
49,21,16.7063,83.9884,7.2220
49,22,10.8809,82.6486,8.4987
49,23,5.3239,81.2276,9.9093
49,24,0.0000,79.7694,11.4307
49,25,-5.1323,78.3043,13.0435
49,26,-10.1173,76.8484,14.7316
49,27,-14.9990,75.4048,16.4803
49,28,-19.8187,73.9644,18.2760
49,29,-24.6132,72.5081,20.1055
49,30,-29.4129,71.0090,21.9552
49,31,-34.2415,69.4348,23.8113
49,32,-39.1154,67.7499,25.6598
49,33,-44.0446,65.9173,27.4864
49,34,-49.0329,63.9010,29.2769
49,35,-54.0799,61.6663,31.0162
49,36,-59.1811,59.1811,32.6881
49,37,-64.3298,56.4157,34.2746
49,38,-69.5164,53.3418,35.7549
49,39,-74.7282,49.9318,37.1044
49,40,-79.9469,46.1574,38.2943
49,41,-85.1464,41.9895,39.2914
49,42,-90.2885,37.3987,40.0587
49,43,-95.3206,32.3570,40.5566
49,44,-100.1723,26.8411,40.7446
49,45,-104.7550,20.8371,40.5849
49,46,-108.9630,14.3452,40.0449
49,47,-112.6765,7.3852,39.1017
49,48,-115.7680,0.0000,37.7455
49,49,-118.1093,-7.7413,35.9826
49,50,-119.5805,-15.7431,33.8381
49,51,-120.0796,-23.8853,31.3566
49,52,-119.5314,-32.0283,28.6011
49,53,-117.8951,-40.0200,25.6506
49,54,-115.1693,-47.7047,22.5963
49,55,-111.3940,-54.9335,19.5355
49,56,-106.6489,-61.5738,16.5659
49,57,-101.0477,-67.5179,13.7792
49,58,-94.7300,-72.6889,11.2559
49,59,-87.8511,-77.0433,9.0604
49,60,-80.5711,-80.5711,7.2389
49,61,-73.0451,-83.2920,5.8181
49,62,-65.4154,-85.2510,4.8059
49,63,-57.8052,-86.5116,4.1938
49,64,-50.3163,-87.1505,3.9599
49,65,-43.0276,-87.2514,4.0725
49,66,-35.9958,-86.9015,4.4943
49,67,-29.2565,-86.1869,5.1854
49,68,-22.8267,-85.1904,6.1068
49,69,-16.7063,-83.9884,7.2220
49,70,-10.8809,-82.6486,8.4987
49,71,-5.3239,-81.2276,9.9093
49,72,-0.0000,-79.7694,11.4307
49,73,5.1323,-78.3043,13.0435
49,74,10.1173,-76.8484,14.7316
49,75,14.9990,-75.4048,16.4803
49,76,19.8187,-73.9644,18.2760
49,77,24.6132,-72.5081,20.1055
49,78,29.4129,-71.0090,21.9552
49,79,34.2415,-69.4348,23.8113
49,80,39.1154,-67.7499,25.6598
49,81,44.0446,-65.9173,27.4864
49,82,49.0329,-63.9010,29.2769
49,83,54.0799,-61.6663,31.0162
49,84,59.1811,-59.1811,32.6881
49,85,64.3298,-56.4157,34.2746
49,86,69.5164,-53.3418,35.7549
49,87,74.7282,-49.9318,37.1044
49,88,79.9469,-46.1574,38.2943
49,89,85.1464,-41.9895,39.2914
49,90,90.2885,-37.3987,40.0587
49,91,95.3206,-32.3570,40.5566
49,92,100.1723,-26.8411,40.7446
49,93,104.7550,-20.8371,40.5849
49,94,108.9630,-14.3452,40.0449
49,95,112.6765,-7.3852,39.1017
50,0,117.0102,0.0000,37.2376
50,1,119.2124,7.8136,35.5467
50,2,120.5573,15.8717,33.5027
50,3,120.9516,24.0588,31.1475
50,4,120.3274,32.2416,28.5395
50,5,118.6485,40.2757,25.7507
50,6,115.9146,48.0134,22.8635
50,7,112.1629,55.3126,19.9662
50,8,107.4669,62.0460,17.1475
50,9,101.9318,68.1086,14.4918
50,10,95.6873,73.4234,12.0739
50,11,88.8787,77.9445,9.9553
50,12,81.6573,81.6573,8.1817
50,13,74.1712,84.5760,6.7814
50,14,66.5575,86.7394,5.7660
50,15,58.9367,88.2050,5.1317
50,16,51.4092,89.0434,4.8618
50,17,44.0542,89.3330,4.9300
50,18,36.9295,89.1557,5.3033
50,19,30.0733,88.5930,5.9458
50,20,23.5054,87.7234,6.8207
50,21,17.2298,86.6202,7.8928
50,22,11.2364,85.3490,9.1303
50,23,5.5034,83.9658,10.5046
50,24,0.0000,82.5159,11.9916
50,25,-5.3111,81.0319,13.5704
50,26,-10.4708,79.5338,15.2231
50,27,-15.5209,78.0287,16.9340
50,28,-20.5013,76.5120,18.6885
50,29,-25.4484,74.9687,20.4726
50,30,-30.3929,73.3749,22.2727
50,31,-35.3588,71.7006,24.0749
50,32,-40.3633,69.9113,25.8657
50,33,-45.4163,67.9703,27.6312
50,34,-50.5214,65.8408,29.3575
50,35,-55.6766,63.4870,31.0303
50,36,-60.8757,60.8757,32.6340
50,37,-66.1087,57.9758,34.1513
50,38,-71.3629,54.7587,35.5622
50,39,-76.6221,51.1973,36.8430
50,40,-81.8650,47.2648,37.9661
50,41,-87.0629,42.9347,38.8999
50,42,-92.1765,38.1808,39.6092
50,43,-97.1528,32.9789,40.0568
50,44,-101.9228,27.3101,40.2056
50,45,-106.4005,21.1644,40.0214
50,46,-110.4845,14.5456,39.4759
50,47,-114.0611,7.4760,38.5501
50,48,-117.0102,0.0000,37.2376
50,49,-119.2124,-7.8136,35.5467
50,50,-120.5573,-15.8717,33.5027
50,51,-120.9516,-24.0588,31.1475
50,52,-120.3274,-32.2416,28.5395
50,53,-118.6485,-40.2757,25.7507
50,54,-115.9146,-48.0134,22.8635
50,55,-112.1629,-55.3126,19.9662
50,56,-107.4669,-62.0460,17.1475
50,57,-101.9318,-68.1086,14.4918
50,58,-95.6873,-73.4234,12.0739
50,59,-88.8787,-77.9445,9.9553
50,60,-81.6573,-81.6573,8.1817
50,61,-74.1712,-84.5760,6.7814
50,62,-66.5575,-86.7394,5.7660
50,63,-58.9367,-88.2050,5.1317
50,64,-51.4092,-89.0434,4.8618
50,65,-44.0542,-89.3330,4.9300
50,66,-36.9295,-89.1557,5.3033
50,67,-30.0733,-88.5930,5.9458
50,68,-23.5054,-87.7234,6.8207
50,69,-17.2298,-86.6202,7.8928
50,70,-11.2364,-85.3490,9.1303
50,71,-5.5034,-83.9658,10.5046
50,72,-0.0000,-82.5159,11.9916
50,73,5.3111,-81.0319,13.5704
50,74,10.4708,-79.5338,15.2231
50,75,15.5209,-78.0287,16.9340
50,76,20.5013,-76.5120,18.6885
50,77,25.4484,-74.9687,20.4726
50,78,30.3929,-73.3749,22.2727
50,79,35.3588,-71.7006,24.0749
50,80,40.3633,-69.9113,25.8657
50,81,45.4163,-67.9703,27.6312
50,82,50.5214,-65.8408,29.3575
50,83,55.6766,-63.4870,31.0303
50,84,60.8757,-60.8757,32.6340
50,85,66.1087,-57.9758,34.1513
50,86,71.3629,-54.7587,35.5622
50,87,76.6221,-51.1973,36.8430
50,88,81.8650,-47.2648,37.9661
50,89,87.0629,-42.9347,38.8999
50,90,92.1765,-38.1808,39.6092
50,91,97.1528,-32.9789,40.0568
50,92,101.9228,-27.3101,40.2056
50,93,106.4005,-21.1644,40.0214
50,94,110.4845,-14.5456,39.4759
50,95,114.0611,-7.4760,38.5501
51,0,118.4540,0.0000,36.2929
51,1,120.4920,7.8975,34.6604
51,2,121.6805,16.0195,32.7062
51,3,121.9365,24.2547,30.4712
51,4,121.2005,32.4756,28.0097
51,5,119.4428,40.5454,25.3877
51,6,116.6660,48.3247,22.6794
51,7,112.9066,55.6794,19.9638
51,8,108.2336,62.4887,17.3203
51,9,102.7446,68.6517,14.8247
51,10,96.5599,74.0930,12.5450
51,11,89.8148,78.7655,10.5382
51,12,82.6512,82.6512,8.8476
51,13,75.2091,85.7595,7.5019
51,14,67.6195,88.1234,6.5147
51,15,59.9988,89.7945,5.8858
51,16,52.4451,90.8376,5.6031
51,17,45.0368,91.3257,5.6449
51,18,37.8323,91.3353,5.9831
51,19,30.8710,90.9431,6.5853
51,20,24.1752,90.2231,7.4179
51,21,17.7519,89.2446,8.4478
51,22,11.5947,88.0702,9.6439
51,23,5.6862,86.7541,10.9780
51,24,0.0000,85.3412,12.4253
51,25,-5.4968,83.8653,13.9639
51,26,-10.8414,82.3487,15.5749
51,27,-16.0725,80.8020,17.2411
51,28,-21.2281,79.2243,18.9472
51,29,-26.3432,77.6044,20.6786
51,30,-31.4480,75.9222,22.4213
51,31,-36.5669,74.1503,24.1614
51,32,-41.7171,72.2561,25.8855
51,33,-46.9088,70.2039,27.5800
51,34,-52.1452,67.9569,29.2313
51,35,-57.4233,65.4788,30.8255
51,36,-62.7348,62.7348,32.3478
51,37,-68.0671,59.6933,33.7815
51,38,-73.4039,56.3248,35.1075
51,39,-78.7249,52.6023,36.3032
51,40,-84.0053,48.5005,37.3426
51,41,-89.2133,43.9951,38.1954
51,42,-94.3071,39.0633,38.8287
51,43,-99.2330,33.6851,39.2079
51,44,-103.9223,27.8459,39.2992
51,45,-108.2912,21.5405,39.0723
51,46,-112.2422,14.7770,38.5032
51,47,-115.6673,7.5812,37.5776
51,48,-118.4540,0.0000,36.2929
51,49,-120.4920,-7.8975,34.6604
51,50,-121.6805,-16.0195,32.7062
51,51,-121.9365,-24.2547,30.4712
51,52,-121.2005,-32.4756,28.0097
51,53,-119.4428,-40.5454,25.3877
51,54,-116.6660,-48.3247,22.6794
51,55,-112.9066,-55.6794,19.9638
51,56,-108.2336,-62.4887,17.3203
51,57,-102.7446,-68.6517,14.8247
51,58,-96.5599,-74.0930,12.5450
51,59,-89.8148,-78.7655,10.5382
51,60,-82.6512,-82.6512,8.8476
51,61,-75.2091,-85.7595,7.5019
51,62,-67.6195,-88.1234,6.5147
51,63,-59.9988,-89.7945,5.8858
51,64,-52.4451,-90.8376,5.6031
51,65,-45.0368,-91.3257,5.6449
51,66,-37.8323,-91.3353,5.9831
51,67,-30.8710,-90.9431,6.5853
51,68,-24.1752,-90.2231,7.4179
51,69,-17.7519,-89.2446,8.4478
51,70,-11.5947,-88.0702,9.6439
51,71,-5.6862,-86.7541,10.9780
51,72,-0.0000,-85.3412,12.4253
51,73,5.4968,-83.8653,13.9639
51,74,10.8414,-82.3487,15.5749
51,75,16.0725,-80.8020,17.2411
51,76,21.2281,-79.2243,18.9472
51,77,26.3432,-77.6044,20.6786
51,78,31.4480,-75.9222,22.4213
51,79,36.5669,-74.1503,24.1614
51,80,41.7171,-72.2561,25.8855
51,81,46.9088,-70.2039,27.5800
51,82,52.1452,-67.9569,29.2313
51,83,57.4233,-65.4788,30.8255
51,84,62.7348,-62.7348,32.3478
51,85,68.0671,-59.6933,33.7815
51,86,73.4039,-56.3248,35.1075
51,87,78.7249,-52.6023,36.3032
51,88,84.0053,-48.5005,37.3426
51,89,89.2133,-43.9951,38.1954
51,90,94.3071,-39.0633,38.8287
51,91,99.2330,-33.6851,39.2079
51,92,103.9223,-27.8459,39.2992
51,93,108.2912,-21.5405,39.0723
51,94,112.2422,-14.7770,38.5032
51,95,115.6673,-7.5812,37.5776
52,0,120.0473,0.0000,34.9233
52,1,121.9015,7.9898,33.3383
52,2,122.9107,16.1815,31.4649
52,3,123.0022,24.4667,29.3435
52,4,122.1262,32.7236,27.0256
52,5,120.2603,40.8229,24.5716
52,6,117.4115,48.6334,22.0483
52,7,113.6173,56.0299,19.5261
52,8,108.9436,62.8986,17.0748
52,9,103.4818,69.1443,14.7615
52,10,97.3436,74.6944,12.6465
52,11,90.6545,79.5018,10.7808
52,12,83.5465,83.5465,9.2043
52,13,76.1511,86.8337,7.9443
52,14,68.5923,89.3912,7.0152
52,15,60.9812,91.2649,6.4192
52,16,53.4129,92.5139,6.1476
52,17,45.9639,93.2055,6.1829
52,18,38.6922,93.4113,6.5011
52,19,31.6380,93.2027,7.0738
52,20,24.8252,92.6491,7.8706
52,21,18.2632,91.8154,8.8610
52,22,11.9489,90.7605,10.0154
52,23,5.8685,89.5362,11.3065
52,24,0.0000,88.1856,12.7096
52,25,-5.6854,86.7424,14.2023
52,26,-11.2208,85.2303,15.7649
52,27,-16.6414,83.6620,17.3797
52,28,-21.9825,82.0398,19.0304
52,29,-27.2772,80.3562,20.7019
52,30,-32.5548,78.5943,22.3797
52,31,-37.8391,76.7301,24.0499
52,32,-43.1473,74.7334,25.6988
52,33,-48.4897,72.5700,27.3130
52,34,-53.8692,70.2037,28.8792
52,35,-59.2818,67.5979,30.3837
52,36,-64.7174,64.7174,31.8122
52,37,-70.1606,61.5292,33.1488
52,38,-75.5914,58.0033,34.3753
52,39,-80.9857,54.1129,35.4707
52,40,-86.3141,49.8335,36.4103
52,41,-91.5410,45.1430,37.1660
52,42,-96.6217,40.0220,37.7073
52,43,-101.5008,34.4549,38.0025
52,44,-106.1097,28.4320,38.0212
52,45,-110.3662,21.9532,37.7371
52,46,-114.1766,15.0316,37.1308
52,47,-117.4386,7.6973,36.1923
52,48,-120.0473,0.0000,34.9233
52,49,-121.9015,-7.9898,33.3383
52,50,-122.9107,-16.1815,31.4649
52,51,-123.0022,-24.4667,29.3435
52,52,-122.1262,-32.7236,27.0256
52,53,-120.2603,-40.8229,24.5716
52,54,-117.4115,-48.6334,22.0483
52,55,-113.6173,-56.0299,19.5261
52,56,-108.9436,-62.8986,17.0748
52,57,-103.4818,-69.1443,14.7615
52,58,-97.3436,-74.6944,12.6465
52,59,-90.6545,-79.5018,10.7808
52,60,-83.5465,-83.5465,9.2043
52,61,-76.1511,-86.8337,7.9443
52,62,-68.5923,-89.3912,7.0152
52,63,-60.9812,-91.2649,6.4192
52,64,-53.4129,-92.5139,6.1476
52,65,-45.9639,-93.2055,6.1829
52,66,-38.6922,-93.4113,6.5011
52,67,-31.6380,-93.2027,7.0738
52,68,-24.8252,-92.6491,7.8706
52,69,-18.2632,-91.8154,8.8610
52,70,-11.9489,-90.7605,10.0154
52,71,-5.8685,-89.5362,11.3065
52,72,-0.0000,-88.1856,12.7096
52,73,5.6854,-86.7424,14.2023
52,74,11.2208,-85.2303,15.7649
52,75,16.6414,-83.6620,17.3797
52,76,21.9825,-82.0398,19.0304
52,77,27.2772,-80.3562,20.7019
52,78,32.5548,-78.5943,22.3797
52,79,37.8391,-76.7301,24.0499
52,80,43.1473,-74.7334,25.6988
52,81,48.4897,-72.5700,27.3130
52,82,53.8692,-70.2037,28.8792
52,83,59.2818,-67.5979,30.3837
52,84,64.7174,-64.7174,31.8122
52,85,70.1606,-61.5292,33.1488
52,86,75.5914,-58.0033,34.3753
52,87,80.9857,-54.1129,35.4707
52,88,86.3141,-49.8335,36.4103
52,89,91.5410,-45.1430,37.1660
52,90,96.6217,-40.0220,37.7073
52,91,101.5008,-34.4549,38.0025
52,92,106.1097,-28.4320,38.0212
52,93,110.3662,-21.9532,37.7371
52,94,114.1766,-15.0316,37.1308
52,95,117.4386,-7.6973,36.1923
53,0,121.7296,0.0000,33.1516
53,1,123.3862,8.0872,31.6064
53,2,124.1999,16.3512,29.8067
53,3,124.1085,24.6867,27.7927
53,4,123.0719,32.9770,25.6137
53,5,121.0758,41.0997,23.3255
53,6,118.1327,48.9322,20.9884
53,7,114.2818,56.3576,18.6645
53,8,109.5876,63.2704,16.4153
53,9,104.1363,69.5817,14.2987
53,10,98.0322,75.2227,12.3670
53,11,91.3914,80.1481,10.6649
53,12,84.3365,84.3365,9.2275
53,13,76.9897,87.7899,8.0797
53,14,69.4672,90.5315,7.2352
53,15,61.8745,92.6017,6.6974
53,16,54.3022,94.0541,6.4601
53,17,46.8244,94.9505,6.5090
53,18,39.4981,95.3568,6.8236
53,19,32.3635,95.3397,7.3793
53,20,25.4454,94.9636,8.1489
53,21,18.7552,94.2890,9.1046
53,22,12.2925,93.3707,10.2191
53,23,6.0469,92.2573,11.4662
53,24,0.0000,90.9898,12.8219
53,25,-5.8727,89.6007,14.2643
53,26,-11.6004,88.1138,15.7732
53,27,-17.2145,86.5432,17.3306
53,28,-22.7472,84.8936,18.9196
53,29,-28.2291,83.1602,20.5247
53,30,-33.6879,81.3297,22.1309
53,31,-39.1464,79.3810,23.7240
53,32,-44.6215,77.2868,25.2902
53,33,-50.1233,75.0148,26.8160
53,34,-55.6542,72.5299,28.2881
53,35,-61.2094,69.7959,29.6930
53,36,-66.7770,66.7770,31.0167
53,37,-72.3391,63.4397,32.2442
53,38,-77.8720,59.7533,33.3585
53,39,-83.3471,55.6908,34.3398
53,40,-88.7305,51.2286,35.1656
53,41,-93.9822,46.3469,35.8102
53,42,-99.0541,41.0296,36.2458
53,43,-103.8884,35.2654,36.4441
53,44,-108.4160,29.0500,36.3784
53,45,-112.5567,22.3889,36.0265
53,46,-116.2203,15.3007,35.3733
53,47,-119.3103,7.8200,34.4131
53,48,-121.7296,0.0000,33.1516
53,49,-123.3862,-8.0872,31.6064
53,50,-124.1999,-16.3512,29.8067
53,51,-124.1085,-24.6867,27.7927
53,52,-123.0719,-32.9770,25.6137
53,53,-121.0758,-41.0997,23.3255
53,54,-118.1327,-48.9322,20.9884
53,55,-114.2818,-56.3576,18.6645
53,56,-109.5876,-63.2704,16.4153
53,57,-104.1363,-69.5817,14.2987
53,58,-98.0322,-75.2227,12.3670
53,59,-91.3914,-80.1481,10.6649
53,60,-84.3365,-84.3365,9.2275
53,61,-76.9897,-87.7899,8.0797
53,62,-69.4672,-90.5315,7.2352
53,63,-61.8745,-92.6017,6.6974
53,64,-54.3022,-94.0541,6.4601
53,65,-46.8244,-94.9505,6.5090
53,66,-39.4981,-95.3568,6.8236
53,67,-32.3635,-95.3397,7.3793
53,68,-25.4454,-94.9636,8.1489
53,69,-18.7552,-94.2890,9.1046
53,70,-12.2925,-93.3707,10.2191
53,71,-6.0469,-92.2573,11.4662
53,72,-0.0000,-90.9898,12.8219
53,73,5.8727,-89.6007,14.2643
53,74,11.6004,-88.1138,15.7732
53,75,17.2145,-86.5432,17.3306
53,76,22.7472,-84.8936,18.9196
53,77,28.2291,-83.1602,20.5247
53,78,33.6879,-81.3297,22.1309
53,79,39.1464,-79.3810,23.7240
53,80,44.6215,-77.2868,25.2902
53,81,50.1233,-75.0148,26.8160
53,82,55.6542,-72.5299,28.2881
53,83,61.2094,-69.7959,29.6930
53,84,66.7770,-66.7770,31.0167
53,85,72.3391,-63.4397,32.2442
53,86,77.8720,-59.7533,33.3585
53,87,83.3471,-55.6908,34.3398
53,88,88.7305,-51.2286,35.1656
53,89,93.9822,-46.3469,35.8102
53,90,99.0541,-41.0296,36.2458
53,91,103.8884,-35.2654,36.4441
53,92,108.4160,-29.0500,36.3784
53,93,112.5567,-22.3889,36.0265
53,94,116.2203,-15.3007,35.3733
53,95,119.3103,-7.8200,34.4131
54,0,123.4373,0.0000,31.0119
54,1,124.8878,8.1856,29.5016
54,2,125.4963,16.5219,27.7704
54,3,125.2107,24.9060,25.8583
54,4,124.0008,33.2259,23.8124
54,5,121.8600,41.3659,21.6849
54,6,118.8068,49.2114,19.5305
54,7,114.8832,56.6541,17.4042
54,8,110.1529,63.5968,15.3594
54,9,104.6986,69.9574,13.4458
54,10,98.6179,75.6722,11.7080
54,11,92.0185,80.6981,10.1840
54,12,85.0137,85.0137,8.9035
54,13,77.7167,88.6189,7.8879
54,14,70.2356,91.5328,7.1495
54,15,62.6691,93.7909,6.6915
54,16,55.1029,95.4411,6.5092
54,17,47.6080,96.5395,6.5904
54,18,40.2396,97.1469,6.9178
54,19,33.0372,97.3245,7.4698
54,20,26.0265,97.1321,8.2223
54,21,19.2200,96.6254,9.1503
54,22,12.6196,95.8555,10.2286
54,23,6.2179,94.8671,11.4331
54,24,0.0000,93.6987,12.7407
54,25,-6.0550,92.3811,14.1302
54,26,-11.9721,90.9374,15.5819
54,27,-17.7792,89.3821,17.0774
54,28,-23.5049,87.7215,18.5999
54,29,-29.1771,85.9531,20.1333
54,30,-34.8214,84.0663,21.6625
54,31,-40.4592,82.0431,23.1729
54,32,-46.1065,79.8588,24.6503
54,33,-51.7727,77.4833,26.0811
54,34,-57.4599,74.8832,27.4518
54,35,-63.1622,72.0227,28.7489
54,36,-68.8662,68.8662,29.9590
54,37,-74.5511,65.3795,31.0676
54,38,-80.1899,61.5318,32.0590
54,39,-85.7495,57.2960,32.9151
54,40,-91.1913,52.6493,33.6155
54,41,-96.4704,47.5739,34.1376
54,42,-101.5349,42.0571,34.4568
54,43,-106.3245,36.0923,34.5484
54,44,-110.7695,29.6806,34.3899
54,45,-114.7910,22.8334,33.9632
54,46,-118.3029,15.5749,33.2573
54,47,-121.2148,7.9448,32.2705
54,48,-123.4373,0.0000,31.0119
54,49,-124.8878,-8.1856,29.5016
54,50,-125.4963,-16.5219,27.7704
54,51,-125.2107,-24.9060,25.8583
54,52,-124.0008,-33.2259,23.8124
54,53,-121.8600,-41.3659,21.6849
54,54,-118.8068,-49.2114,19.5305
54,55,-114.8832,-56.6541,17.4042
54,56,-110.1529,-63.5968,15.3594
54,57,-104.6986,-69.9574,13.4458
54,58,-98.6179,-75.6722,11.7080
54,59,-92.0185,-80.6981,10.1840
54,60,-85.0137,-85.0137,8.9035
54,61,-77.7167,-88.6189,7.8879
54,62,-70.2356,-91.5328,7.1495
54,63,-62.6691,-93.7909,6.6915
54,64,-55.1029,-95.4411,6.5092
54,65,-47.6080,-96.5395,6.5904
54,66,-40.2396,-97.1469,6.9178
54,67,-33.0372,-97.3245,7.4698
54,68,-26.0265,-97.1321,8.2223
54,69,-19.2200,-96.6254,9.1503
54,70,-12.6196,-95.8555,10.2286
54,71,-6.2179,-94.8671,11.4331
54,72,-0.0000,-93.6987,12.7407
54,73,6.0550,-92.3811,14.1302
54,74,11.9721,-90.9374,15.5819
54,75,17.7792,-89.3821,17.0774
54,76,23.5049,-87.7215,18.5999
54,77,29.1771,-85.9531,20.1333
54,78,34.8214,-84.0663,21.6625
54,79,40.4592,-82.0431,23.1729
54,80,46.1065,-79.8588,24.6503
54,81,51.7727,-77.4833,26.0811
54,82,57.4599,-74.8832,27.4518
54,83,63.1622,-72.0227,28.7489
54,84,68.8662,-68.8662,29.9590
54,85,74.5511,-65.3795,31.0676
54,86,80.1899,-61.5318,32.0590
54,87,85.7495,-57.2960,32.9151
54,88,91.1913,-52.6493,33.6155
54,89,96.4704,-47.5739,34.1376
54,90,101.5349,-42.0571,34.4568
54,91,106.3245,-36.0923,34.5484
54,92,110.7695,-29.6806,34.3899
54,93,114.7910,-22.8334,33.9632
54,94,118.3029,-15.5749,33.2573
54,95,121.2148,-7.9448,32.2705
55,0,125.1088,0.0000,28.5481
55,1,126.3495,8.2814,27.0704
55,2,126.7487,16.6868,25.4041
55,3,126.2642,25.1155,23.5887
55,4,124.8748,33.4601,21.6696
55,5,122.5818,41.6109,19.6955
55,6,119.4093,49.4610,17.7165
55,7,115.4025,56.9102,15.7815
55,8,110.6253,63.8696,13.9370
55,9,105.1577,70.2641,12.2253
55,10,99.0917,76.0357,10.6839
55,11,92.5278,81.1447,9.3440
55,12,85.5705,85.5705,8.2302
55,13,78.3242,89.3116,7.3598
55,14,70.8888,92.3840,6.7425
55,15,63.3558,94.8186,6.3808
55,16,55.8055,96.6580,6.2701
55,17,48.3050,97.9528,6.4000
55,18,40.9069,98.7581,6.7551
55,19,33.6501,99.1299,7.3164
55,20,26.5600,99.1231,8.0626
55,21,19.6504,98.7890,8.9712
55,22,12.9249,98.1745,10.0193
55,23,6.3787,97.3208,11.1846
55,24,0.0000,96.2633,12.4458
55,25,-6.2287,95.0309,13.7825
55,26,-12.3286,93.6452,15.1755
55,27,-18.3240,92.1209,16.6071
55,28,-24.2399,90.4647,18.0603
55,29,-30.1014,88.6758,19.5189
55,30,-35.9314,86.7460,20.9676
55,31,-41.7495,84.6596,22.3914
55,32,-47.5705,82.3945,23.7759
55,33,-53.4028,79.9229,25.1071
55,34,-59.2476,77.2129,26.3712
55,35,-65.0979,74.2299,27.5550
55,36,-70.9386,70.9386,28.6450
55,37,-76.7465,67.3049,29.6277
55,38,-82.4910,63.2976,30.4885
55,39,-88.1349,58.8898,31.2112
55,40,-93.6346,54.0599,31.7782
55,41,-98.9405,48.7920,32.1697
55,42,-103.9966,43.0768,32.3650
55,43,-108.7399,36.9122,32.3437
55,44,-113.0999,30.3050,32.0873
55,45,-116.9995,23.2726,31.5821
55,46,-120.3565,15.8452,30.8209
55,47,-123.0867,8.0675,29.8056
55,48,-125.1088,0.0000,28.5481
55,49,-126.3495,-8.2814,27.0704
55,50,-126.7487,-16.6868,25.4041
55,51,-126.2642,-25.1155,23.5887
55,52,-124.8748,-33.4601,21.6696
55,53,-122.5818,-41.6109,19.6955
55,54,-119.4093,-49.4610,17.7165
55,55,-115.4025,-56.9102,15.7815
55,56,-110.6253,-63.8696,13.9370
55,57,-105.1577,-70.2641,12.2253
55,58,-99.0917,-76.0357,10.6839
55,59,-92.5278,-81.1447,9.3440
55,60,-85.5705,-85.5705,8.2302
55,61,-78.3242,-89.3116,7.3598
55,62,-70.8888,-92.3840,6.7425
55,63,-63.3558,-94.8186,6.3808
55,64,-55.8055,-96.6580,6.2701
55,65,-48.3050,-97.9528,6.4000
55,66,-40.9069,-98.7581,6.7551
55,67,-33.6501,-99.1299,7.3164
55,68,-26.5600,-99.1231,8.0626
55,69,-19.6504,-98.7890,8.9712
55,70,-12.9249,-98.1745,10.0193
55,71,-6.3787,-97.3208,11.1846
55,72,-0.0000,-96.2633,12.4458
55,73,6.2287,-95.0309,13.7825
55,74,12.3286,-93.6452,15.1755
55,75,18.3240,-92.1209,16.6071
55,76,24.2399,-90.4647,18.0603
55,77,30.1014,-88.6758,19.5189
55,78,35.9314,-86.7460,20.9676
55,79,41.7495,-84.6596,22.3914
55,80,47.5705,-82.3945,23.7759
55,81,53.4028,-79.9229,25.1071
55,82,59.2476,-77.2129,26.3712
55,83,65.0979,-74.2299,27.5550
55,84,70.9386,-70.9386,28.6450
55,85,76.7465,-67.3049,29.6277
55,86,82.4910,-63.2976,30.4885
55,87,88.1349,-58.8898,31.2112
55,88,93.6346,-54.0599,31.7782
55,89,98.9405,-48.7920,32.1697
55,90,103.9966,-43.0768,32.3650
55,91,108.7399,-36.9122,32.3437
55,92,113.0999,-30.3050,32.0873
55,93,116.9995,-23.2726,31.5821
55,94,120.3565,-15.8452,30.8209
55,95,123.0867,-8.0675,29.8056
56,0,126.6890,0.0000,25.8121
56,1,127.7203,8.3712,24.3661
56,2,127.9109,16.8398,22.7621
56,3,127.2279,25.3072,21.0387
56,4,125.6585,33.6701,19.2393
56,5,123.2115,41.8247,17.4098
56,6,119.9160,49.6708,15.5960
56,7,115.8206,57.1164,13.8419
56,8,110.9900,64.0801,12.1880
56,9,105.5020,70.4942,10.6705
56,10,99.4444,76.3064,9.3205
56,11,92.9112,81.4809,8.1632
56,12,85.9992,85.9992,7.2180
56,13,78.8044,89.8591,6.4979
56,14,71.4185,93.0744,6.0099
56,15,63.9259,95.6718,5.7548
56,16,56.4009,97.6892,5.7277
56,17,48.9061,99.1717,5.9187
56,18,41.4913,100.1688,6.3139
56,19,34.1937,100.7313,6.8963
56,20,27.0385,100.9089,7.6467
56,21,20.0401,100.7486,8.5448
56,22,13.2038,100.2930,9.5701
56,23,6.5268,99.5800,10.7019
56,24,0.0000,98.6418,11.9206
56,25,-6.3908,97.5050,13.2069
56,26,-12.6636,96.1897,14.5428
56,27,-18.8389,94.7097,15.9108
56,28,-24.9386,93.0720,17.2944
56,29,-30.9843,91.2768,18.6775
56,30,-36.9964,89.3173,20.0445
56,31,-42.9924,87.1800,21.3803
56,32,-48.9852,84.8448,22.6700
56,33,-54.9818,82.2861,23.8995
56,34,-60.9823,79.4737,25.0546
56,35,-66.9783,76.3741,26.1221
56,36,-72.9528,72.9528,27.0888
56,37,-78.8802,69.1761,27.9418
56,38,-84.7266,65.0130,28.6678
56,39,-90.4507,60.4372,29.2528
56,40,-96.0044,55.4281,29.6818
56,41,-101.3334,49.9721,29.9384
56,42,-106.3777,44.0631,30.0062
56,43,-111.0716,37.7037,29.8689
56,44,-115.3440,30.9063,29.5127
56,45,-119.1195,23.6943,28.9281
56,46,-122.3198,16.1037,28.1117
56,47,-124.8674,8.1842,27.0684
56,48,-126.6890,0.0000,25.8121
56,49,-127.7203,-8.3712,24.3661
56,50,-127.9109,-16.8398,22.7621
56,51,-127.2279,-25.3072,21.0387
56,52,-125.6585,-33.6701,19.2393
56,53,-123.2115,-41.8247,17.4098
56,54,-119.9160,-49.6708,15.5960
56,55,-115.8206,-57.1164,13.8419
56,56,-110.9900,-64.0801,12.1880
56,57,-105.5020,-70.4942,10.6705
56,58,-99.4444,-76.3064,9.3205
56,59,-92.9112,-81.4809,8.1632
56,60,-85.9992,-85.9992,7.2180
56,61,-78.8044,-89.8591,6.4979
56,62,-71.4185,-93.0744,6.0099
56,63,-63.9259,-95.6718,5.7548
56,64,-56.4009,-97.6892,5.7277
56,65,-48.9061,-99.1717,5.9187
56,66,-41.4913,-100.1688,6.3139
56,67,-34.1937,-100.7313,6.8963
56,68,-27.0385,-100.9089,7.6467
56,69,-20.0401,-100.7486,8.5448
56,70,-13.2038,-100.2930,9.5701
56,71,-6.5268,-99.5800,10.7019
56,72,-0.0000,-98.6418,11.9206
56,73,6.3908,-97.5050,13.2069
56,74,12.6636,-96.1897,14.5428
56,75,18.8389,-94.7097,15.9108
56,76,24.9386,-93.0720,17.2944
56,77,30.9843,-91.2768,18.6775
56,78,36.9964,-89.3173,20.0445
56,79,42.9924,-87.1800,21.3803
56,80,48.9852,-84.8448,22.6700
56,81,54.9818,-82.2861,23.8995
56,82,60.9823,-79.4737,25.0546
56,83,66.9783,-76.3741,26.1221
56,84,72.9528,-72.9528,27.0888
56,85,78.8802,-69.1761,27.9418
56,86,84.7266,-65.0130,28.6678
56,87,90.4507,-60.4372,29.2528
56,88,96.0044,-55.4281,29.6818
56,89,101.3334,-49.9721,29.9384
56,90,106.3777,-44.0631,30.0062
56,91,111.0716,-37.7037,29.8689
56,92,115.3440,-30.9063,29.5127
56,93,119.1195,-23.6943,28.9281
56,94,122.3198,-16.1037,28.1117
56,95,124.8674,-8.1842,27.0684
57,0,128.1326,0.0000,22.8602
57,1,128.9583,8.4524,21.4457
57,2,128.9447,16.9759,19.9018
57,3,128.0676,25.4742,18.2657
57,4,126.3221,33.8479,16.5787
57,5,123.7234,41.9984,14.8836
57,6,120.3058,49.8323,13.2228
57,7,116.1206,57.2643,11.6360
57,8,111.2335,64.2207,10.1590
57,9,105.7210,70.6405,8.8229
57,10,99.6674,76.4775,7.6533
57,11,93.1614,81.7004,6.6703
57,12,86.2929,86.2929,5.8885
57,13,79.1502,90.2535,5.3170
57,14,71.8174,93.5943,4.9596
57,15,64.3716,96.3389,4.8153
57,16,56.8810,98.5207,4.8782
57,17,49.4032,100.1797,5.1384
57,18,41.9847,101.3599,5.5828
57,19,34.6606,102.1069,6.1957
57,20,27.4555,102.4653,6.9597
57,21,20.3840,102.4775,7.8563
57,22,13.4525,102.1820,8.8666
57,23,6.6601,101.6131,9.9720
57,24,0.0000,100.8001,11.1540
57,25,-6.5391,99.7670,12.3948
57,26,-12.9720,98.5322,13.6772
57,27,-19.3160,97.1083,14.9847
57,28,-25.5897,95.5021,16.3010
57,29,-31.8116,93.7139,17.6103
57,30,-37.9992,91.7381,18.8970
57,31,-44.1673,89.5625,20.1459
57,32,-50.3269,87.1688,21.3418
57,33,-56.4833,84.5332,22.4702
57,34,-62.6346,81.6270,23.5168
57,35,-68.7710,78.4183,24.4682
57,36,-74.8735,74.8735,25.3116
57,37,-80.9139,70.9596,26.0347
57,38,-86.8554,66.6465,26.6256
57,39,-92.6527,61.9086,27.0723
57,40,-98.2536,56.7267,27.3625
57,41,-103.5994,51.0896,27.4839
57,42,-108.6266,44.9946,27.4238
57,43,-113.2670,38.4490,27.1709
57,44,-117.4490,31.4704,26.7159
57,45,-121.0988,24.0881,26.0533
57,46,-124.1426,16.3437,25.1836
57,47,-126.5090,8.2918,24.1141
57,48,-128.1326,0.0000,22.8602
57,49,-128.9583,-8.4524,21.4457
57,50,-128.9447,-16.9759,19.9018
57,51,-128.0676,-25.4742,18.2657
57,52,-126.3221,-33.8479,16.5787
57,53,-123.7234,-41.9984,14.8836
57,54,-120.3058,-49.8323,13.2228
57,55,-116.1206,-57.2643,11.6360
57,56,-111.2335,-64.2207,10.1590
57,57,-105.7210,-70.6405,8.8229
57,58,-99.6674,-76.4775,7.6533
57,59,-93.1614,-81.7004,6.6703
57,60,-86.2929,-86.2929,5.8885
57,61,-79.1502,-90.2535,5.3170
57,62,-71.8174,-93.5943,4.9596
57,63,-64.3716,-96.3389,4.8153
57,64,-56.8810,-98.5207,4.8782
57,65,-49.4032,-100.1797,5.1384
57,66,-41.9847,-101.3599,5.5828
57,67,-34.6606,-102.1069,6.1957
57,68,-27.4555,-102.4653,6.9597
57,69,-20.3840,-102.4775,7.8563
57,70,-13.4525,-102.1820,8.8666
57,71,-6.6601,-101.6131,9.9720
57,72,-0.0000,-100.8001,11.1540
57,73,6.5391,-99.7670,12.3948
57,74,12.9720,-98.5322,13.6772
57,75,19.3160,-97.1083,14.9847
57,76,25.5897,-95.5021,16.3010
57,77,31.8116,-93.7139,17.6103
57,78,37.9992,-91.7381,18.8970
57,79,44.1673,-89.5625,20.1459
57,80,50.3269,-87.1688,21.3418
57,81,56.4833,-84.5332,22.4702
57,82,62.6346,-81.6270,23.5168
57,83,68.7710,-78.4183,24.4682
57,84,74.8735,-74.8735,25.3116
57,85,80.9139,-70.9596,26.0347
57,86,86.8554,-66.6465,26.6256
57,87,92.6527,-61.9086,27.0723
57,88,98.2536,-56.7267,27.3625
57,89,103.5994,-51.0896,27.4839
57,90,108.6266,-44.9946,27.4238
57,91,113.2670,-38.4490,27.1709
57,92,117.4490,-31.4704,26.7159
57,93,121.0988,-24.0881,26.0533
57,94,124.1426,-16.3437,25.1836
57,95,126.5090,-8.2918,24.1141
58,0,129.4064,0.0000,19.7490
58,1,130.0327,8.5228,18.3657
58,2,129.8219,17.0914,16.8795
58,3,128.7578,25.6115,15.3257
58,4,126.8428,33.9874,13.7431
58,5,124.0979,42.1256,12.1718
58,6,120.5618,49.9383,10.6507
58,7,116.2884,57.3471,9.2160
58,8,111.3445,64.2848,7.8997
58,9,105.8058,70.6972,6.7287
58,10,99.7537,76.5437,5.7242
58,11,93.2724,81.7977,4.9021
58,12,86.4461,86.4461,4.2730
58,13,79.3562,90.4884,3.8424
58,14,72.0797,93.9361,3.6112
58,15,64.6866,96.8104,3.5763
58,16,57.2390,99.1408,3.7304
58,17,49.7894,100.9628,4.0635
58,18,42.3804,102.3153,4.5625
58,19,35.0447,103.2384,5.2126
58,20,27.8056,103.7720,5.9976
58,21,20.6777,103.9536,6.9004
58,22,13.6679,103.8178,7.9037
58,23,6.7769,103.3950,8.9900
58,24,0.0000,102.7116,10.1424
58,25,-6.6716,101.7888,11.3441
58,26,-13.2499,100.6432,12.5790
58,27,-19.7492,99.2860,13.8310
58,28,-26.1848,97.7231,15.0847
58,29,-32.5723,95.9548,16.3244
58,30,-38.9260,93.9757,17.5348
58,31,-45.2582,91.7746,18.7004
58,32,-51.5773,89.3345,19.8059
58,33,-57.8863,86.6330,20.8366
58,34,-64.1815,83.6429,21.7780
58,35,-70.4508,80.3338,22.6167
58,36,-76.6732,76.6732,23.3400
58,37,-82.8181,72.6295,23.9364
58,38,-88.8455,68.1736,24.3954
58,39,-94.7068,63.2811,24.7069
58,40,-100.3459,57.9347,24.8617
58,41,-105.7006,52.1258,24.8508
58,42,-110.7040,45.8551,24.6661
58,43,-115.2860,39.1343,24.3008
58,44,-119.3748,31.9864,23.7501
58,45,-122.8984,24.4460,23.0128
58,46,-125.7870,16.5602,22.0926
58,47,-127.9756,8.3880,20.9992
58,48,-129.4064,0.0000,19.7490
58,49,-130.0327,-8.5228,18.3657
58,50,-129.8219,-17.0914,16.8795
58,51,-128.7578,-25.6115,15.3257
58,52,-126.8428,-33.9874,13.7431
58,53,-124.0979,-42.1256,12.1718
58,54,-120.5618,-49.9383,10.6507
58,55,-116.2884,-57.3471,9.2160
58,56,-111.3445,-64.2848,7.8997
58,57,-105.8058,-70.6972,6.7287
58,58,-99.7537,-76.5437,5.7242
58,59,-93.2724,-81.7977,4.9021
58,60,-86.4461,-86.4461,4.2730
58,61,-79.3562,-90.4884,3.8424
58,62,-72.0797,-93.9361,3.6112
58,63,-64.6866,-96.8104,3.5763
58,64,-57.2390,-99.1408,3.7304
58,65,-49.7894,-100.9628,4.0635
58,66,-42.3804,-102.3153,4.5625
58,67,-35.0447,-103.2384,5.2126
58,68,-27.8056,-103.7720,5.9976
58,69,-20.6777,-103.9536,6.9004
58,70,-13.6679,-103.8178,7.9037
58,71,-6.7769,-103.3950,8.9900
58,72,-0.0000,-102.7116,10.1424
58,73,6.6716,-101.7888,11.3441
58,74,13.2499,-100.6432,12.5790
58,75,19.7492,-99.2860,13.8310
58,76,26.1848,-97.7231,15.0847
58,77,32.5723,-95.9548,16.3244
58,78,38.9260,-93.9757,17.5348
58,79,45.2582,-91.7746,18.7004
58,80,51.5773,-89.3345,19.8059
58,81,57.8863,-86.6330,20.8366
58,82,64.1815,-83.6429,21.7780
58,83,70.4508,-80.3338,22.6167
58,84,76.6732,-76.6732,23.3400
58,85,82.8181,-72.6295,23.9364
58,86,88.8455,-68.1736,24.3954
58,87,94.7068,-63.2811,24.7069
58,88,100.3459,-57.9347,24.8617
58,89,105.7006,-52.1258,24.8508
58,90,110.7040,-45.8551,24.6661
58,91,115.2860,-39.1343,24.3008
58,92,119.3748,-31.9864,23.7501
58,93,122.8984,-24.4460,23.0128
58,94,125.7870,-16.5602,22.0926
58,95,127.9756,-8.3880,20.9992
59,0,130.4891,0.0000,16.5310
59,1,130.9239,8.5812,15.1780
59,2,130.5244,17.1839,13.7464
59,3,129.2820,25.7158,12.2695
59,4,127.2056,34.0846,10.7833
59,5,124.3215,42.2015,9.3247
59,6,120.6722,49.9840,7.9299
59,7,116.3142,57.3598,6.6317
59,8,111.3150,64.2678,5.4589
59,9,105.7498,70.6598,4.4350
59,10,99.6979,76.5009,3.5781
59,11,93.2399,81.7692,2.9007
59,12,86.4549,86.4549,2.4099
59,13,79.4186,90.5595,2.1085
59,14,72.2012,94.0944,1.9946
59,15,64.8664,97.0794,2.0631
59,16,57.4700,99.5410,2.3055
59,17,50.0595,101.5105,2.7110
59,18,42.6732,103.0223,3.2664
59,19,35.3411,104.1115,3.9575
59,20,28.0846,104.8130,4.7687
59,21,20.9176,105.1596,5.6840
59,22,13.8474,105.1818,6.6871
59,23,6.8759,104.9062,7.7617
59,24,0.0000,104.3558,8.8918
59,25,-6.7870,103.5493,10.0617
59,26,-13.4945,102.5009,11.2560
59,27,-20.1340,101.2203,12.4594
59,28,-26.7178,99.7121,13.6569
59,29,-33.2584,97.9760,14.8332
59,30,-39.7672,96.0065,15.9731
59,31,-46.2535,93.7929,17.0612
59,32,-52.7230,91.3188,18.0821
59,33,-59.1760,88.5631,19.0209
59,34,-65.6063,85.4998,19.8630
59,35,-71.9997,82.0999,20.5949
59,36,-78.3327,78.3327,21.2043
59,37,-84.5720,74.1676,21.6803
59,38,-90.6749,69.5773,22.0137
59,39,-96.5897,64.5391,22.1964
59,40,-102.2570,59.0381,22.2219
59,41,-107.6115,53.0681,22.0849
59,42,-112.5838,46.6337,21.7813
59,43,-117.1023,39.7509,21.3088
59,44,-121.0952,32.4474,20.6672
59,45,-124.4927,24.7631,19.8593
59,46,-127.2289,16.7500,18.8919
59,47,-129.2445,8.4711,17.7767
59,48,-130.4891,0.0000,16.5310
59,49,-130.9239,-8.5812,15.1780
59,50,-130.5244,-17.1839,13.7464
59,51,-129.2820,-25.7158,12.2695
59,52,-127.2056,-34.0846,10.7833
59,53,-124.3215,-42.2015,9.3247
59,54,-120.6722,-49.9840,7.9299
59,55,-116.3142,-57.3598,6.6317
59,56,-111.3150,-64.2678,5.4589
59,57,-105.7498,-70.6598,4.4350
59,58,-99.6979,-76.5009,3.5781
59,59,-93.2399,-81.7692,2.9007
59,60,-86.4549,-86.4549,2.4099
59,61,-79.4186,-90.5595,2.1085
59,62,-72.2012,-94.0944,1.9946
59,63,-64.8664,-97.0794,2.0631
59,64,-57.4700,-99.5410,2.3055
59,65,-50.0595,-101.5105,2.7110
59,66,-42.6732,-103.0223,3.2664
59,67,-35.3411,-104.1115,3.9575
59,68,-28.0846,-104.8130,4.7687
59,69,-20.9176,-105.1596,5.6840
59,70,-13.8474,-105.1818,6.6871
59,71,-6.8759,-104.9062,7.7617
59,72,-0.0000,-104.3558,8.8918
59,73,6.7870,-103.5493,10.0617
59,74,13.4945,-102.5009,11.2560
59,75,20.1340,-101.2203,12.4594
59,76,26.7178,-99.7121,13.6569
59,77,33.2584,-97.9760,14.8332
59,78,39.7672,-96.0065,15.9731
59,79,46.2535,-93.7929,17.0612
59,80,52.7230,-91.3188,18.0821
59,81,59.1760,-88.5631,19.0209
59,82,65.6063,-85.4998,19.8630
59,83,71.9997,-82.0999,20.5949
59,84,78.3327,-78.3327,21.2043
59,85,84.5720,-74.1676,21.6803
59,86,90.6749,-69.5773,22.0137
59,87,96.5897,-64.5391,22.1964
59,88,102.2570,-59.0381,22.2219
59,89,107.6115,-53.0681,22.0849
59,90,112.5838,-46.6337,21.7813
59,91,117.1023,-39.7509,21.3088
59,92,121.0952,-32.4474,20.6672
59,93,124.4927,-24.7631,19.8593
59,94,127.2289,-16.7500,18.8919
59,95,129.2445,-8.4711,17.7767
60,0,131.3703,0.0000,13.2506
60,1,131.6222,8.6270,11.9260
60,2,131.0431,17.2522,10.5453
60,3,129.6315,25.7853,9.1393
60,4,127.4022,34.1373,7.7412
60,5,124.3863,42.2235,6.3849
60,6,120.6298,49.9665,5.1035
60,7,116.1915,57.2993,3.9268
60,8,111.1395,64.1664,2.8810
60,9,105.5488,70.5255,1.9869
60,10,99.4969,76.3467,1.2599
60,11,93.0614,81.6127,0.7099
60,12,86.3174,86.3174,0.3417
60,13,79.3353,90.4646,0.1555
60,14,72.1797,94.0664,0.1475
60,15,64.9083,97.1421,0.3107
60,16,57.5710,99.7160,0.6353
60,17,50.2101,101.8160,1.1097
60,18,42.8597,103.4724,1.7206
60,19,35.5462,104.7159,2.4537
60,20,28.2891,105.5764,3.2941
60,21,21.1011,106.0825,4.2262
60,22,13.9894,106.2601,5.2346
60,23,6.9563,106.1320,6.3039
60,24,0.0000,105.7178,7.4188
60,25,-6.8842,105.0331,8.5642
60,26,-13.7037,104.0899,9.7253
60,27,-20.4672,102.8955,10.8876
60,28,-27.1843,101.4532,12.0362
60,29,-33.8645,99.7616,13.1564
60,30,-40.5162,97.8148,14.2331
60,31,-47.1455,95.6017,15.2509
60,32,-53.7551,93.1065,16.1945
60,33,-60.3424,90.3088,17.0488
60,34,-66.8985,87.1838,17.7993
60,35,-73.4063,83.7038,18.4324
60,36,-79.8398,79.8398,18.9361
60,37,-86.1631,75.5630,19.3002
60,38,-92.3308,70.8479,19.5166
60,39,-98.2883,65.6741,19.5791
60,40,-103.9735,60.0291,19.4838
60,41,-109.3187,53.9100,19.2286
60,42,-114.2525,47.3249,18.8136
60,43,-118.7024,40.2940,18.2406
60,44,-122.5972,32.8498,17.5136
60,45,-125.8692,25.0369,16.6394
60,46,-128.4562,16.9116,15.6276
60,47,-130.3045,8.5406,14.4921
60,48,-131.3703,0.0000,13.2506
60,49,-131.6222,-8.6270,11.9260
60,50,-131.0431,-17.2522,10.5453
60,51,-129.6315,-25.7853,9.1393
60,52,-127.4022,-34.1373,7.7412
60,53,-124.3863,-42.2235,6.3849
60,54,-120.6298,-49.9665,5.1035
60,55,-116.1915,-57.2993,3.9268
60,56,-111.1395,-64.1664,2.8810
60,57,-105.5488,-70.5255,1.9869
60,58,-99.4969,-76.3467,1.2599
60,59,-93.0614,-81.6127,0.7099
60,60,-86.3174,-86.3174,0.3417
60,61,-79.3353,-90.4646,0.1555
60,62,-72.1797,-94.0664,0.1475
60,63,-64.9083,-97.1421,0.3107
60,64,-57.5710,-99.7160,0.6353
60,65,-50.2101,-101.8160,1.1097
60,66,-42.8597,-103.4724,1.7206
60,67,-35.5462,-104.7159,2.4537
60,68,-28.2891,-105.5764,3.2941
60,69,-21.1011,-106.0825,4.2262
60,70,-13.9894,-106.2601,5.2346
60,71,-6.9563,-106.1320,6.3039
60,72,-0.0000,-105.7178,7.4188
60,73,6.8842,-105.0331,8.5642
60,74,13.7037,-104.0899,9.7253
60,75,20.4672,-102.8955,10.8876
60,76,27.1843,-101.4532,12.0362
60,77,33.8645,-99.7616,13.1564
60,78,40.5162,-97.8148,14.2331
60,79,47.1455,-95.6017,15.2509
60,80,53.7551,-93.1065,16.1945
60,81,60.3424,-90.3088,17.0488
60,82,66.8985,-87.1838,17.7993
60,83,73.4063,-83.7038,18.4324
60,84,79.8398,-79.8398,18.9361
60,85,86.1631,-75.5630,19.3002
60,86,92.3308,-70.8479,19.5166
60,87,98.2883,-65.6741,19.5791
60,88,103.9735,-60.0291,19.4838
60,89,109.3187,-53.9100,19.2286
60,90,114.2525,-47.3249,18.8136
60,91,118.7024,-40.2940,18.2406
60,92,122.5972,-32.8498,17.5136
60,93,125.8692,-25.0369,16.6394
60,94,128.4562,-16.9116,15.6276
60,95,130.3045,-8.5406,14.4921
61,0,132.0483,0.0000,9.9414
61,1,132.1257,8.6600,8.6421
61,2,131.3758,17.2960,7.3077
61,3,129.8036,25.8195,5.9664
61,4,127.4294,34.1446,4.6486
61,5,124.2888,42.1904,3.3850
61,6,120.4310,49.8841,2.2055
61,7,115.9165,57.1637,1.1373
61,8,110.8147,63.9789,0.2040
61,9,105.2000,70.2924,-0.5760
61,10,99.1485,76.0793,-1.1892
61,11,92.7355,81.3269,-1.6276
61,12,86.0326,86.0326,-1.8884
61,13,79.1059,90.2029,-1.9732
61,14,72.0148,93.8515,-1.8873
61,15,64.8116,96.9975,-1.6393
61,16,57.5410,99.6639,-1.2400
61,17,50.2398,101.8762,-0.7017
61,18,42.9379,103.6612,-0.0382
61,19,35.6582,105.0455,0.7362
61,20,28.4174,106.0550,1.6067
61,21,21.2267,106.7136,2.5584
61,22,14.0925,107.0430,3.5763
61,23,7.0172,107.0621,4.6453
61,24,0.0000,106.7867,5.7508
61,25,-6.9626,106.2293,6.8784
61,26,-13.8760,105.3989,8.0135
61,27,-20.7467,104.3006,9.1419
61,28,-27.5815,102.9357,10.2491
61,29,-34.3871,101.3013,11.3207
61,30,-41.1688,99.3903,12.3418
61,31,-47.9295,97.1913,13.2970
61,32,-54.6684,94.6884,14.1712
61,33,-61.3800,91.8616,14.9492
61,34,-68.0521,88.6872,15.6165
61,35,-74.6647,85.1388,16.1596
61,36,-81.1890,81.1890,16.5669
61,37,-87.5863,76.8111,16.8285
61,38,-93.8084,71.9818,16.9376
61,39,-99.7985,66.6832,16.8896
61,40,-105.4919,60.9058,16.6828
61,41,-110.8191,54.6500,16.3185
61,42,-115.7075,47.9276,15.8000
61,43,-120.0843,40.7631,15.1333
61,44,-123.8789,33.1933,14.3263
61,45,-127.0260,25.2671,13.3895
61,46,-129.4674,17.0447,12.3355
61,47,-131.1540,8.5963,11.1799
61,48,-132.0483,0.0000,9.9414
61,49,-132.1257,-8.6600,8.6421
61,50,-131.3758,-17.2960,7.3077
61,51,-129.8036,-25.8195,5.9664
61,52,-127.4294,-34.1446,4.6486
61,53,-124.2888,-42.1904,3.3850
61,54,-120.4310,-49.8841,2.2055
61,55,-115.9165,-57.1637,1.1373
61,56,-110.8147,-63.9789,0.2040
61,57,-105.2000,-70.2924,-0.5760
61,58,-99.1485,-76.0793,-1.1892
61,59,-92.7355,-81.3269,-1.6276
61,60,-86.0326,-86.0326,-1.8884
61,61,-79.1059,-90.2029,-1.9732
61,62,-72.0148,-93.8515,-1.8873
61,63,-64.8116,-96.9975,-1.6393
61,64,-57.5410,-99.6639,-1.2400
61,65,-50.2398,-101.8762,-0.7017
61,66,-42.9379,-103.6612,-0.0382
61,67,-35.6582,-105.0455,0.7362
61,68,-28.4174,-106.0550,1.6067
61,69,-21.2267,-106.7136,2.5584
61,70,-14.0925,-107.0430,3.5763
61,71,-7.0172,-107.0621,4.6453
61,72,-0.0000,-106.7867,5.7508
61,73,6.9626,-106.2293,6.8784
61,74,13.8760,-105.3989,8.0135
61,75,20.7467,-104.3006,9.1419
61,76,27.5815,-102.9357,10.2491
61,77,34.3871,-101.3013,11.3207
61,78,41.1688,-99.3903,12.3418
61,79,47.9295,-97.1913,13.2970
61,80,54.6684,-94.6884,14.1712
61,81,61.3800,-91.8616,14.9492
61,82,68.0521,-88.6872,15.6165
61,83,74.6647,-85.1388,16.1596
61,84,81.1890,-81.1890,16.5669
61,85,87.5863,-76.8111,16.8285
61,86,93.8084,-71.9818,16.9376
61,87,99.7985,-66.6832,16.8896
61,88,105.4919,-60.9058,16.6828
61,89,110.8191,-54.6500,16.3185
61,90,115.7075,-47.9276,15.8000
61,91,120.0843,-40.7631,15.1333
61,92,123.8789,-33.1933,14.3263
61,93,127.0260,-25.2671,13.3895
61,94,129.4674,-17.0447,12.3355
61,95,131.1540,-8.5963,11.1799
62,0,132.5265,0.0000,6.6247
62,1,132.4366,8.6804,5.3469
62,2,131.5236,17.3154,4.0536
62,3,129.7983,25.8185,2.7709
62,4,127.2862,34.1062,1.5262
62,5,124.0271,42.1015,0.3470
62,6,120.0731,49.7359,-0.7399
62,7,115.4867,56.9517,-1.7100
62,8,110.3379,63.7036,-2.5424
62,9,104.7010,69.9590,-3.2205
62,10,98.6511,75.6977,-3.7327
62,11,92.2614,80.9111,-4.0726
62,12,85.6004,85.6004,-4.2388
62,13,78.7306,89.7751,-4.2340
62,14,71.7071,93.4505,-4.0650
62,15,64.5770,96.6464,-3.7412
62,16,57.3801,99.3853,-3.2744
62,17,50.1485,101.6910,-2.6777
62,18,42.9074,103.5876,-1.9650
62,19,35.6761,105.0983,-1.1510
62,20,28.4683,106.2452,-0.2502
62,21,21.2932,107.0481,0.7225
62,22,14.1559,107.5246,1.7524
62,23,7.0583,107.6896,2.8251
62,24,0.0000,107.5551,3.9261
62,25,-7.0217,107.1300,5.0412
62,26,-14.0105,106.4201,6.1563
62,27,-20.9709,105.4278,7.2573
62,28,-27.9074,104.1519,8.3299
62,29,-34.8238,102.5877,9.3598
62,30,-41.7223,100.7265,10.3323
62,31,-48.6024,98.5559,11.2322
62,32,-55.4600,96.0596,12.0443
62,33,-62.2860,93.2176,12.7537
62,34,-69.0649,90.0071,13.3458
62,35,-75.7733,86.4029,13.8073
62,36,-82.3793,82.3793,14.1269
62,37,-88.8415,77.9119,14.2953
62,38,-95.1090,72.9797,14.3064
62,39,-101.1225,67.5679,14.1572
62,40,-106.8158,61.6701,13.8481
62,41,-112.1175,55.2902,13.3829
62,42,-116.9544,48.4441,12.7684
62,43,-121.2537,41.1601,12.0140
62,44,-124.9464,33.4793,11.1316
62,45,-127.9692,25.4546,10.1348
62,46,-130.2675,17.1500,9.0394
62,47,-131.7973,8.6384,7.8628
62,48,-132.5265,0.0000,6.6247
62,49,-132.4366,-8.6804,5.3469
62,50,-131.5236,-17.3154,4.0536
62,51,-129.7983,-25.8185,2.7709
62,52,-127.2862,-34.1062,1.5262
62,53,-124.0271,-42.1015,0.3470
62,54,-120.0731,-49.7359,-0.7399
62,55,-115.4867,-56.9517,-1.7100
62,56,-110.3379,-63.7036,-2.5424
62,57,-104.7010,-69.9590,-3.2205
62,58,-98.6511,-75.6977,-3.7327
62,59,-92.2614,-80.9111,-4.0726
62,60,-85.6004,-85.6004,-4.2388
62,61,-78.7306,-89.7751,-4.2340
62,62,-71.7071,-93.4505,-4.0650
62,63,-64.5770,-96.6464,-3.7412
62,64,-57.3801,-99.3853,-3.2744
62,65,-50.1485,-101.6910,-2.6777
62,66,-42.9074,-103.5876,-1.9650
62,67,-35.6761,-105.0983,-1.1510
62,68,-28.4683,-106.2452,-0.2502
62,69,-21.2932,-107.0481,0.7225
62,70,-14.1559,-107.5246,1.7524
62,71,-7.0583,-107.6896,2.8251
62,72,-0.0000,-107.5551,3.9261
62,73,7.0217,-107.1300,5.0412
62,74,14.0105,-106.4201,6.1563
62,75,20.9709,-105.4278,7.2573
62,76,27.9074,-104.1519,8.3299
62,77,34.8238,-102.5877,9.3598
62,78,41.7223,-100.7265,10.3323
62,79,48.6024,-98.5559,11.2322
62,80,55.4600,-96.0596,12.0443
62,81,62.2860,-93.2176,12.7537
62,82,69.0649,-90.0071,13.3458
62,83,75.7733,-86.4029,13.8073
62,84,82.3793,-82.3793,14.1269
62,85,88.8415,-77.9119,14.2953
62,86,95.1090,-72.9797,14.3064
62,87,101.1225,-67.5679,14.1572
62,88,106.8158,-61.6701,13.8481
62,89,112.1175,-55.2902,13.3829
62,90,116.9544,-48.4441,12.7684
62,91,121.2537,-41.1601,12.0140
62,92,124.9464,-33.4793,11.1316
62,93,127.9692,-25.4546,10.1348
62,94,130.2675,-17.1500,9.0394
62,95,131.7973,-8.6384,7.8628
63,0,132.8103,0.0000,3.3105
63,1,132.5586,8.6884,2.0497
63,2,131.4884,17.3108,0.7924
63,3,129.6159,25.7822,-0.4375
63,4,126.9715,34.0219,-1.6153
63,5,123.5989,41.9562,-2.7164
63,6,119.5531,49.5205,-3.7174
63,7,114.8985,56.6617,-4.5966
63,8,109.7058,63.3387,-5.3357
63,9,104.0492,69.5234,-5.9202
63,10,98.0027,75.2001,-6.3402
63,11,91.6378,80.3642,-6.5905
63,12,85.0206,85.0206,-6.6709
63,13,78.2101,89.1816,-6.5852
63,14,71.2576,92.8647,-6.3408
63,15,64.2059,96.0909,-5.9482
63,16,57.0899,98.8826,-5.4195
63,17,49.9373,101.2628,-4.7686
63,18,42.7690,103.2535,-4.0096
63,19,35.6004,104.8753,-3.1574
63,20,28.4420,106.1470,-2.2266
63,21,21.3005,107.0847,-1.2320
63,22,14.1793,107.7023,-0.1879
63,23,7.0794,108.0106,0.8913
63,24,0.0000,108.0179,1.9914
63,25,-7.0610,107.7294,3.0984
63,26,-14.1062,107.1473,4.1982
63,27,-21.1386,106.2708,5.2769
63,28,-28.1604,105.0960,6.3203
63,29,-35.1727,103.6154,7.3140
63,30,-42.1747,101.8186,8.2435
63,31,-49.1625,99.6916,9.0937
63,32,-56.1283,97.2171,9.8496
63,33,-63.0594,94.3751,10.4963
63,34,-69.9365,91.1430,11.0196
63,35,-76.7326,87.4968,11.4063
63,36,-83.4126,83.4126,11.6452
63,37,-89.9320,78.8682,11.7277
63,38,-96.2373,73.8455,11.6485
63,39,-102.2670,68.3326,11.4057
63,40,-107.9530,62.3267,11.0017
63,41,-113.2230,55.8354,10.4424
63,42,-118.0032,48.8785,9.7376
63,43,-122.2215,41.4886,8.8999
63,44,-125.8101,33.7107,7.9447
63,45,-128.7084,25.6017,6.8891
63,46,-130.8654,17.2288,5.7515
63,47,-132.2416,8.6676,4.5517
63,48,-132.8103,0.0000,3.3105
63,49,-132.5586,-8.6884,2.0497
63,50,-131.4884,-17.3108,0.7924
63,51,-129.6159,-25.7822,-0.4375
63,52,-126.9715,-34.0219,-1.6153
63,53,-123.5989,-41.9562,-2.7164
63,54,-119.5531,-49.5205,-3.7174
63,55,-114.8985,-56.6617,-4.5966
63,56,-109.7058,-63.3387,-5.3357
63,57,-104.0492,-69.5234,-5.9202
63,58,-98.0027,-75.2001,-6.3402
63,59,-91.6378,-80.3642,-6.5905
63,60,-85.0206,-85.0206,-6.6709
63,61,-78.2101,-89.1816,-6.5852
63,62,-71.2576,-92.8647,-6.3408
63,63,-64.2059,-96.0909,-5.9482
63,64,-57.0899,-98.8826,-5.4195
63,65,-49.9373,-101.2628,-4.7686
63,66,-42.7690,-103.2535,-4.0096
63,67,-35.6004,-104.8753,-3.1574
63,68,-28.4420,-106.1470,-2.2266
63,69,-21.3005,-107.0847,-1.2320
63,70,-14.1793,-107.7023,-0.1879
63,71,-7.0794,-108.0106,0.8913
63,72,-0.0000,-108.0179,1.9914
63,73,7.0610,-107.7294,3.0984
63,74,14.1062,-107.1473,4.1982
63,75,21.1386,-106.2708,5.2769
63,76,28.1604,-105.0960,6.3203
63,77,35.1727,-103.6154,7.3140
63,78,42.1747,-101.8186,8.2435
63,79,49.1625,-99.6916,9.0937
63,80,56.1283,-97.2171,9.8496
63,81,63.0594,-94.3751,10.4963
63,82,69.9365,-91.1430,11.0196
63,83,76.7326,-87.4968,11.4063
63,84,83.4126,-83.4126,11.6452
63,85,89.9320,-78.8682,11.7277
63,86,96.2373,-73.8455,11.6485
63,87,102.2670,-68.3326,11.4057
63,88,107.9530,-62.3267,11.0017
63,89,113.2230,-55.8354,10.4424
63,90,118.0032,-48.8785,9.7376
63,91,122.2215,-41.4886,8.8999
63,92,125.8101,-33.7107,7.9447
63,93,128.7084,-25.6017,6.8891
63,94,130.8654,-17.2288,5.7515
63,95,132.2416,-8.6676,4.5517
